asin,image_url,filename,local_image_path,image_width,image_height,aspect_ratio,file_size_mb
B0HCNYJM8Z,https://m.media-amazon.com/images/I/613tyoH+smL._AC_SY300_SX300_QL70_FMwebp_.jpg,B0HCNYJM8Z.jpg,/content/data/images/B0HCNYJM8Z.jpg,251,300,0.8366666666666667,0.02915668487548828
B0GFF3RCCL,https://m.media-amazon.com/images/I/511IigIBpoL._AC_SY300_SX300_QL70_FMwebp_.jpg,B0GFF3RCCL.jpg,/content/data/images/B0GFF3RCCL.jpg,238,300,0.7933333333333333,0.012248039245605469
B0HBWW3958,https://m.media-amazon.com/images/I/61D5ZCSIymL._AC_SX425_.jpg,B0HBWW3958.jpg,/content/data/images/B0HBWW3958.jpg,425,503,0.8449304174950298,0.050574302673339844
B0H9LHWBDK,https://m.media-amazon.com/images/I/61odQgshCWL._AC_SY450_.jpg,B0H9LHWBDK.jpg,/content/data/images/B0H9LHWBDK.jpg,358,450,0.7955555555555556,0.03889274597167969
B0H7R1LD7B,https://m.media-amazon.com/images/I/71cmAChhQKL._AC_SY300_SX300_QL70_FMwebp_.jpg,B0H7R1LD7B.jpg,/content/data/images/B0H7R1LD7B.jpg,292,300,0.9733333333333334,0.038059234619140625
B0H6PMTQWW,https://m.media-amazon.com/images/I/713-tT2kBmL._AC_SY300_SX300_QL70_FMwebp_.jpg,B0H6PMTQWW.jpg,/content/data/images/B0H6PMTQWW.jpg,269,300,0.8966666666666666,0.0369110107421875
B0BTYCRJSS,https://m.media-amazon.com/images/I/51Yya2WtvkL._AC_SY550_.jpg,B0BTYCRJSS.jpg,/content/data/images/B0BTYCRJSS.jpg,391,550,0.7109090909090909,0.03188514709472656
B0H5W2YR99,https://m.media-amazon.com/images/I/61DzAvRWJlL._AC_SX425_.jpg,B0H5W2YR99.jpg,/content/data/images/B0H5W2YR99.jpg,425,437,0.9725400457665904,0.04583930969238281
B0HBW8PTYN,https://m.media-amazon.com/images/I/61PPiCaslSL._AC_SX425_.jpg,B0HBW8PTYN.jpg,/content/data/images/B0HBW8PTYN.jpg,425,473,0.8985200845665962,0.027494430541992188
B0HBVXBZPZ,https://m.media-amazon.com/images/I/61Jz5Ga1WkL._AC_SX425_.jpg,B0HBVXBZPZ.jpg,/content/data/images/B0HBVXBZPZ.jpg,425,435,0.9770114942528736,0.04558086395263672
B0H2VF6SPP,https://m.media-amazon.com/images/I/715Y2eeg1mL._AC_SY300_SX300_QL70_FMwebp_.jpg,B0H2VF6SPP.jpg,/content/data/images/B0H2VF6SPP.jpg,277,300,0.9233333333333333,0.036956787109375
B0HDB6MTYJ,https://m.media-amazon.com/images/I/61P4QAI28CL._AC_SX425_.jpg,B0HDB6MTYJ.jpg,/content/data/images/B0HDB6MTYJ.jpg,425,505,0.8415841584158416,0.04030895233154297
B0H8Y9LL1G,https://m.media-amazon.com/images/I/61Vg5tvG7pL._AC_SX425_.jpg,B0H8Y9LL1G.jpg,/content/data/images/B0H8Y9LL1G.jpg,425,549,0.7741347905282332,0.07560920715332031
B0DD41G2NZ,https://m.media-amazon.com/images/I/818Tszb+hNL._AC_SY300_SX300_QL70_FMwebp_.jpg,B0DD41G2NZ.jpg,/content/data/images/B0DD41G2NZ.jpg,300,291,1.0309278350515463,0.03553009033203125
B0D9R4GYTN,https://m.media-amazon.com/images/I/51B6+Iyd3ML._AC_SX425_.jpg,B0D9R4GYTN.jpg,/content/data/images/B0D9R4GYTN.jpg,425,146,2.910958904109589,0.011937141418457031
B0GQYVSTH9,https://m.media-amazon.com/images/I/61tLeHMWJYL._AC_SX425_.jpg,B0GQYVSTH9.jpg,/content/data/images/B0GQYVSTH9.jpg,425,494,0.8603238866396761,0.04972267150878906
B0G1PJLWLZ,https://m.media-amazon.com/images/I/51QEHqsjzPL._AC_SX569_.jpg,B0G1PJLWLZ.jpg,/content/data/images/B0G1PJLWLZ.jpg,569,821,0.6930572472594397,0.047183990478515625
B0FNRXZV67,https://m.media-amazon.com/images/I/51Cl+s8HMXL._AC_SX425_.jpg,B0FNRXZV67.jpg,/content/data/images/B0FNRXZV67.jpg,425,511,0.8317025440313112,0.024427413940429688
B0H9LRGB3B,https://m.media-amazon.com/images/I/61Ks69uUYZL._AC_SY450_.jpg,B0H9LRGB3B.jpg,/content/data/images/B0H9LRGB3B.jpg,374,450,0.8311111111111111,0.04181194305419922
B0H6VZSB53,https://m.media-amazon.com/images/I/81ppNw5A-UL._AC_SY300_SX300_QL70_FMwebp_.jpg,B0H6VZSB53.jpg,/content/data/images/B0H6VZSB53.jpg,284,300,0.9466666666666667,0.03713512420654297
B0HCTW6BYT,https://m.media-amazon.com/images/I/61Xvam+v1mL._AC_SX425_.jpg,B0HCTW6BYT.jpg,/content/data/images/B0HCTW6BYT.jpg,425,628,0.6767515923566879,0.04010200500488281
B0CQJYT1YD,https://m.media-amazon.com/images/I/61fAcxil49L._AC_SY300_SX300_QL70_FMwebp_.jpg,B0CQJYT1YD.jpg,/content/data/images/B0CQJYT1YD.jpg,279,300,0.93,0.01856708526611328
B0FHWGB7FW,https://m.media-amazon.com/images/I/71sWRy5QxIL._AC_SX425_.jpg,B0FHWGB7FW.jpg,/content/data/images/B0FHWGB7FW.jpg,425,440,0.9659090909090909,0.050018310546875
B0H79HX4F3,https://m.media-amazon.com/images/I/61Ep1QDS51L._AC_SX425_.jpg,B0H79HX4F3.jpg,/content/data/images/B0H79HX4F3.jpg,425,503,0.8449304174950298,0.04206275939941406
B0H6ZWLNZ3,https://m.media-amazon.com/images/I/61yqHyQfKjL._AC_SY300_SX300_QL70_FMwebp_.jpg,B0H6ZWLNZ3.jpg,/content/data/images/B0H6ZWLNZ3.jpg,300,287,1.0452961672473868,0.026078224182128906
B0H8SBVSV9,https://m.media-amazon.com/images/I/61AaRJo4NOL._AC_SX425_.jpg,B0H8SBVSV9.jpg,/content/data/images/B0H8SBVSV9.jpg,425,420,1.0119047619047619,0.037375450134277344
B0HCNDJ5HL,https://m.media-amazon.com/images/I/71GFoVxpDoL._AC_SY300_SX300_QL70_FMwebp_.jpg,B0HCNDJ5HL.jpg,/content/data/images/B0HCNDJ5HL.jpg,264,300,0.88,0.03043079376220703
B0DJ11FRD2,https://m.media-amazon.com/images/I/619+aqeyPxL._AC_SY300_SX300_QL70_FMwebp_.jpg,B0DJ11FRD2.jpg,/content/data/images/B0DJ11FRD2.jpg,156,300,0.52,0.0257568359375
B0FCMHJBMW,https://m.media-amazon.com/images/I/71dqFRpCx2L._AC_SX425_.jpg,B0FCMHJBMW.jpg,/content/data/images/B0FCMHJBMW.jpg,425,769,0.552665799739922,0.05631828308105469
B07CMS5Q6P,https://m.media-amazon.com/images/I/51sg9BLSMTL._AC_SX425_.jpg,B07CMS5Q6P.jpg,/content/data/images/B07CMS5Q6P.jpg,425,821,0.5176613885505481,0.035269737243652344
B07GBZ4Q68,https://m.media-amazon.com/images/I/61mpMH5TzkL._AC_SY300_SX300_QL70_FMwebp_.jpg,B07GBZ4Q68.jpg,/content/data/images/B07GBZ4Q68.jpg,300,173,1.7341040462427746,0.016462326049804688
B0G12HGHGM,https://m.media-amazon.com/images/I/51+51Ur4jzL._AC_SY300_SX300_QL70_FMwebp_.jpg,B0G12HGHGM.jpg,/content/data/images/B0G12HGHGM.jpg,300,203,1.477832512315271,0.015625
B09C13PZX7,https://m.media-amazon.com/images/I/61AcT0ZuO3L._AC_SX425_.jpg,B09C13PZX7.jpg,/content/data/images/B09C13PZX7.jpg,425,640,0.6640625,0.04134654998779297
B0BX52C4LN,https://m.media-amazon.com/images/I/614KYrmdHoL._AC_SY300_SX300_QL70_FMwebp_.jpg,B0BX52C4LN.jpg,/content/data/images/B0BX52C4LN.jpg,300,215,1.3953488372093024,0.015993118286132812
B08SJ5Z8JL,https://m.media-amazon.com/images/I/61mF42mh00L._AC_SX425_.jpg,B08SJ5Z8JL.jpg,/content/data/images/B08SJ5Z8JL.jpg,425,611,0.6955810147299509,0.041259765625
B0FC5SJNQX,https://m.media-amazon.com/images/I/61z3ENJubZL._AC_SX425_.jpg,B0FC5SJNQX.jpg,/content/data/images/B0FC5SJNQX.jpg,425,267,1.591760299625468,0.024465560913085938
B07L4BM851,https://m.media-amazon.com/images/I/715BOo6P-BL._AC_SX425_.jpg,B07L4BM851.jpg,/content/data/images/B07L4BM851.jpg,425,580,0.7327586206896551,0.03608512878417969
B07CMS5Q6N,https://m.media-amazon.com/images/I/51XH51COHTL._AC_SX425_.jpg,B07CMS5Q6N.jpg,/content/data/images/B07CMS5Q6N.jpg,425,823,0.5164034021871203,0.031650543212890625
B09ZY348SY,https://m.media-amazon.com/images/I/51UCF1KOnKL._AC_SY300_SX300_QL70_FMwebp_.jpg,B09ZY348SY.jpg,/content/data/images/B09ZY348SY.jpg,236,300,0.7866666666666666,0.01752948760986328
B0BXBC26X8,https://m.media-amazon.com/images/I/71jvxQ6NoqL._AC_SY300_SX300_QL70_FMwebp_.jpg,B0BXBC26X8.jpg,/content/data/images/B0BXBC26X8.jpg,174,300,0.58,0.01675128936767578
B094PS5RZQ,https://m.media-amazon.com/images/I/8189uwDnMkL._AC_SX425_.jpg,B094PS5RZQ.jpg,/content/data/images/B094PS5RZQ.jpg,425,787,0.5400254129606099,0.0816192626953125
B086PDW7BB,https://m.media-amazon.com/images/I/51lWnqodMlL._AC_SX425_.jpg,B086PDW7BB.jpg,/content/data/images/B086PDW7BB.jpg,425,820,0.5182926829268293,0.04087638854980469
B0H4SBT4SH,https://m.media-amazon.com/images/I/71WdczhVeML._AC_SX425_.jpg,B0H4SBT4SH.jpg,/content/data/images/B0H4SBT4SH.jpg,425,676,0.628698224852071,0.04051399230957031
B086PJKVVT,https://m.media-amazon.com/images/I/51z74wV2iHL._AC_SX425_.jpg,B086PJKVVT.jpg,/content/data/images/B086PJKVVT.jpg,425,820,0.5182926829268293,0.03678321838378906
B07NSSPV9S,https://m.media-amazon.com/images/I/61-jAartdjL._AC_SY300_SX300_QL70_FMwebp_.jpg,B07NSSPV9S.jpg,/content/data/images/B07NSSPV9S.jpg,164,300,0.5466666666666666,0.012149810791015625
B0GMLBSSTD,https://m.media-amazon.com/images/I/51Vqc9mwhLL._AC_SX425_.jpg,B0GMLBSSTD.jpg,/content/data/images/B0GMLBSSTD.jpg,425,178,2.3876404494382024,0.014608383178710938
B092CB69Q4,https://m.media-amazon.com/images/I/61A0MX5s2xL._AC_SY300_SX300_QL70_FMwebp_.jpg,B092CB69Q4.jpg,/content/data/images/B092CB69Q4.jpg,178,300,0.5933333333333334,0.01717853546142578
B0CW25XR5S,https://m.media-amazon.com/images/I/619xpFKAXPL._AC_SY300_SX300_QL70_FMwebp_.jpg,B0CW25XR5S.jpg,/content/data/images/B0CW25XR5S.jpg,151,300,0.5033333333333333,0.010250091552734375
B0FF9TXPRB,https://m.media-amazon.com/images/I/71RY-RspQ2L._AC_SX425_.jpg,B0FF9TXPRB.jpg,/content/data/images/B0FF9TXPRB.jpg,425,447,0.9507829977628636,0.03567981719970703
B0H3PFD3FN,https://m.media-amazon.com/images/I/61nbykO2AWL._AC_SX425_.jpg,B0H3PFD3FN.jpg,/content/data/images/B0H3PFD3FN.jpg,425,371,1.1455525606469004,0.02832794189453125
B0DXJQT19B,https://m.media-amazon.com/images/I/71Z9T0VgGyL._AC_SX425_.jpg,B0DXJQT19B.jpg,/content/data/images/B0DXJQT19B.jpg,425,425,1.0,0.036960601806640625
B0BR3M8XHK,https://m.media-amazon.com/images/I/61ZrDcJ4nYL._AC_SX425_.jpg,B0BR3M8XHK.jpg,/content/data/images/B0BR3M8XHK.jpg,425,375,1.1333333333333333,0.034134864807128906
B0DKT8BB4M,https://m.media-amazon.com/images/I/71DgdWWooDL._AC_SX425_.jpg,B0DKT8BB4M.jpg,/content/data/images/B0DKT8BB4M.jpg,425,425,1.0,0.032379150390625
B0F5HSNDXF,https://m.media-amazon.com/images/I/61RK-9CpgBL._AC_SY300_SX300_QL70_FMwebp_.jpg,B0F5HSNDXF.jpg,/content/data/images/B0F5HSNDXF.jpg,300,286,1.048951048951049,0.0272979736328125
B0GXZ62GF8,https://m.media-amazon.com/images/I/715xl9vyqGL._AC_SX425_.jpg,B0GXZ62GF8.jpg,/content/data/images/B0GXZ62GF8.jpg,425,397,1.070528967254408,0.034366607666015625
B0BY27XSJ3,https://m.media-amazon.com/images/I/61GaqCsQwIL._AC_SX425_.jpg,B0BY27XSJ3.jpg,/content/data/images/B0BY27XSJ3.jpg,425,420,1.0119047619047619,0.030965805053710938
B0CF224WX9,https://m.media-amazon.com/images/I/71qndQ0KowL._AC_SX425_.jpg,B0CF224WX9.jpg,/content/data/images/B0CF224WX9.jpg,425,473,0.8985200845665962,0.02891254425048828
B0G11F8FHR,https://m.media-amazon.com/images/I/61pSW-Gxt-L._AC_SY300_SX300_QL70_FMwebp_.jpg,B0G11F8FHR.jpg,/content/data/images/B0G11F8FHR.jpg,293,300,0.9766666666666667,0.02564716339111328
B0D1XLNWP2,https://m.media-amazon.com/images/I/61heCvr-jkL._AC_SX425_.jpg,B0D1XLNWP2.jpg,/content/data/images/B0D1XLNWP2.jpg,425,333,1.2762762762762763,0.039809226989746094
B0H7WK83WT,https://m.media-amazon.com/images/I/61+lVL39WPL._AC_SX425_.jpg,B0H7WK83WT.jpg,/content/data/images/B0H7WK83WT.jpg,425,380,1.118421052631579,0.041466712951660156
B0CR6JBJDH,https://m.media-amazon.com/images/I/71Pw5IVeEeL._AC_SY300_SX300_QL70_FMwebp_.jpg,B0CR6JBJDH.jpg,/content/data/images/B0CR6JBJDH.jpg,300,278,1.079136690647482,0.029356956481933594
B0CSYYKB97,https://m.media-amazon.com/images/I/615tvY-j9sL._AC_SX425_.jpg,B0CSYYKB97.jpg,/content/data/images/B0CSYYKB97.jpg,425,447,0.9507829977628636,0.033443450927734375
B0BW2TLQ8S,https://m.media-amazon.com/images/I/71GgBiwJ37L._AC_SY300_SX300_QL70_FMwebp_.jpg,B0BW2TLQ8S.jpg,/content/data/images/B0BW2TLQ8S.jpg,300,244,1.2295081967213115,0.026203155517578125
B09T9PXW35,https://m.media-amazon.com/images/I/6110NA3rmhL._AC_SX300_SY300_QL70_FMwebp_.jpg,B09T9PXW35.jpg,/content/data/images/B09T9PXW35.jpg,300,215,1.3953488372093024,0.029732704162597656
B0H4GTDSNV,https://m.media-amazon.com/images/I/61RPul5jC+L._AC_SX425_.jpg,B0H4GTDSNV.jpg,/content/data/images/B0H4GTDSNV.jpg,425,406,1.0467980295566504,0.03644752502441406
B087QZVQJX,https://m.media-amazon.com/images/I/71zuiK5poRL._AC_SY300_SX300_QL70_FMwebp_.jpg,B087QZVQJX.jpg,/content/data/images/B087QZVQJX.jpg,300,300,1.0,0.025012969970703125
B0G13RQ2SZ,https://m.media-amazon.com/images/I/61I545D01LL._AC_SY550_.jpg,B0G13RQ2SZ.jpg,/content/data/images/B0G13RQ2SZ.jpg,413,550,0.7509090909090909,0.06066131591796875
B0874M3KW4,https://m.media-amazon.com/images/I/71S-NPBF-qL._AC_SX425_.jpg,B0874M3KW4.jpg,/content/data/images/B0874M3KW4.jpg,425,425,1.0,0.033911705017089844
B0DT43J5KY,https://m.media-amazon.com/images/I/61aOTRg1FaL._AC_SY300_SX300_QL70_FMwebp_.jpg,B0DT43J5KY.jpg,/content/data/images/B0DT43J5KY.jpg,300,284,1.056338028169014,0.03438377380371094
B0DT6Z3R4F,https://m.media-amazon.com/images/I/71ur1aXEkeL._AC_SY300_SX300_QL70_FMwebp_.jpg,B0DT6Z3R4F.jpg,/content/data/images/B0DT6Z3R4F.jpg,300,300,1.0,0.02393627166748047
B0D14N2QZF,https://m.media-amazon.com/images/I/61MC8BK0w0L._AC_SY300_SX300_QL70_FMwebp_.jpg,B0D14N2QZF.jpg,/content/data/images/B0D14N2QZF.jpg,300,209,1.4354066985645932,0.028342247009277344
B0CF3VGQFL,https://m.media-amazon.com/images/I/71Bk2A2WmOL._AC_SX425_.jpg,B0CF3VGQFL.jpg,/content/data/images/B0CF3VGQFL.jpg,425,252,1.6865079365079365,0.041398048400878906
B08Z6X4NK3,https://m.media-amazon.com/images/I/61thTSgqWOL._AC_SX425_.jpg,B08Z6X4NK3.jpg,/content/data/images/B08Z6X4NK3.jpg,425,155,2.7419354838709675,0.02496623992919922
B09LK1P1RD,https://m.media-amazon.com/images/I/61++ok6AqtL._AC_SY300_SX300_QL70_FMwebp_.jpg,B09LK1P1RD.jpg,/content/data/images/B09LK1P1RD.jpg,300,133,2.255639097744361,0.020033836364746094
B0CLLHSWRL,https://m.media-amazon.com/images/I/61mB8mL33pL._AC_SY300_SX300_QL70_FMwebp_.jpg,B0CLLHSWRL.jpg,/content/data/images/B0CLLHSWRL.jpg,300,159,1.8867924528301887,0.023052215576171875
B0G3PTHM36,https://m.media-amazon.com/images/I/61N2U7DWPjL._AC_SY300_SX300_QL70_FMwebp_.jpg,B0G3PTHM36.jpg,/content/data/images/B0G3PTHM36.jpg,300,193,1.5544041450777202,0.02858734130859375
B0FMD1DGS8,https://m.media-amazon.com/images/I/613zl8HXvqL._AC_SX425_.jpg,B0FMD1DGS8.jpg,/content/data/images/B0FMD1DGS8.jpg,425,112,3.794642857142857,0.023860931396484375
B0DZ28ZGYL,https://m.media-amazon.com/images/I/61r9aziJGFL._AC_SX425_.jpg,B0DZ28ZGYL.jpg,/content/data/images/B0DZ28ZGYL.jpg,425,199,2.135678391959799,0.03205680847167969
B09TR4Y91J,https://m.media-amazon.com/images/I/71T1WQSxp9L._AC_SY300_SX300_QL70_FMwebp_.jpg,B09TR4Y91J.jpg,/content/data/images/B09TR4Y91J.jpg,300,194,1.5463917525773196,0.026378631591796875
B0DBZGH5XM,https://m.media-amazon.com/images/I/71ItaO+LBIL._AC_SX300_SY300_QL70_FMwebp_.jpg,B0DBZGH5XM.jpg,/content/data/images/B0DBZGH5XM.jpg,300,198,1.5151515151515151,0.030763626098632812
B0FDKPF9QJ,https://m.media-amazon.com/images/I/71b-v9IPZIL._AC_SX425_.jpg,B0FDKPF9QJ.jpg,/content/data/images/B0FDKPF9QJ.jpg,425,234,1.8162393162393162,0.034310340881347656
B0DWMX5TXV,https://m.media-amazon.com/images/I/718cb2135RL._AC_SX300_SY300_QL70_FMwebp_.jpg,B0DWMX5TXV.jpg,/content/data/images/B0DWMX5TXV.jpg,300,223,1.345291479820628,0.031036376953125
B0C8QYB8W6,https://m.media-amazon.com/images/I/41g78Pk30nL._SX342_SY445_QL70_FMwebp_.jpg,B0C8QYB8W6.jpg,/content/data/images/B0C8QYB8W6.jpg,342,342,1.0,0.028234481811523438
B0GTY7H2S3,https://m.media-amazon.com/images/I/61DNMaFX-fL._AC_SX425_.jpg,B0GTY7H2S3.jpg,/content/data/images/B0GTY7H2S3.jpg,425,249,1.7068273092369477,0.025650978088378906
B0CLH89X2K,https://m.media-amazon.com/images/I/61-RoURbxfL._AC_SX425_.jpg,B0CLH89X2K.jpg,/content/data/images/B0CLH89X2K.jpg,425,146,2.910958904109589,0.024980545043945312
B07ZGDD6B1,https://m.media-amazon.com/images/I/81yd9W+0doL._AC_SX425_.jpg,B07ZGDD6B1.jpg,/content/data/images/B07ZGDD6B1.jpg,425,326,1.303680981595092,0.047112464904785156
B0DY2SWV16,https://m.media-amazon.com/images/I/71-Bc3KaY3L._AC_SX522_.jpg,B0DY2SWV16.jpg,/content/data/images/B0DY2SWV16.jpg,522,591,0.883248730964467,0.06629180908203125
B0FKLYJ36S,https://m.media-amazon.com/images/I/71uXoPwOGML._AC_SY300_SX300_QL70_FMwebp_.jpg,B0FKLYJ36S.jpg,/content/data/images/B0FKLYJ36S.jpg,283,300,0.9433333333333334,0.036660194396972656
B0HC376WZX,https://m.media-amazon.com/images/I/71axzqwiBjL._AC_SX425_.jpg,B0HC376WZX.jpg,/content/data/images/B0HC376WZX.jpg,425,420,1.0119047619047619,0.05405139923095703
B0HDN4SV8F,https://m.media-amazon.com/images/I/61v2c9Z0MeL._AC_SX300_SY300_QL70_FMwebp_.jpg,B0HDN4SV8F.jpg,/content/data/images/B0HDN4SV8F.jpg,300,295,1.0169491525423728,0.034972190856933594
B0CG6NR413,https://m.media-amazon.com/images/I/61A4yOWzGBL._AC_SY300_SX300_QL70_FMwebp_.jpg,B0CG6NR413.jpg,/content/data/images/B0CG6NR413.jpg,225,300,0.75,0.023636817932128906
B0CG6NBJ61,https://m.media-amazon.com/images/I/610Jl4dUB7L._AC_SY300_SX300_QL70_FMwebp_.jpg,B0CG6NBJ61.jpg,/content/data/images/B0CG6NBJ61.jpg,225,300,0.75,0.01984882354736328
B0DNF6RH4L,https://m.media-amazon.com/images/I/71XfkQWtIQL._AC_SX425_.jpg,B0DNF6RH4L.jpg,/content/data/images/B0DNF6RH4L.jpg,425,433,0.9815242494226328,0.049938201904296875
B0FWR4VJ87,https://m.media-amazon.com/images/I/71qNKm8HG0L._AC_SY300_SX300_QL70_FMwebp_.jpg,B0FWR4VJ87.jpg,/content/data/images/B0FWR4VJ87.jpg,300,290,1.0344827586206897,0.040116310119628906
B0DYJKTHYF,https://m.media-amazon.com/images/I/61UvVTN0IEL._AC_SY300_SX300_QL70_FMwebp_.jpg,B0DYJKTHYF.jpg,/content/data/images/B0DYJKTHYF.jpg,279,300,0.93,0.03285026550292969
B0D7VG4754,https://m.media-amazon.com/images/I/71zBoAewXiL._AC_SY300_SX300_QL70_FMwebp_.jpg,B0D7VG4754.jpg,/content/data/images/B0D7VG4754.jpg,257,300,0.8566666666666667,0.03285503387451172
B092RCLKHN,https://m.media-amazon.com/images/I/518z0My1ZlS._AC_SY300_SX300_QL70_FMwebp_.jpg,B092RCLKHN.jpg,/content/data/images/B092RCLKHN.jpg,300,297,1.0101010101010102,0.02496814727783203
B0GS5BWJLF,https://m.media-amazon.com/images/I/817QhyOWvzL._AC_SX425_.jpg,B0GS5BWJLF.jpg,/content/data/images/B0GS5BWJLF.jpg,425,466,0.9120171673819742,0.09034347534179688
B0HBQ5M712,https://m.media-amazon.com/images/I/71QA9CUvpzL._AC_SY300_SX300_QL70_FMwebp_.jpg,B0HBQ5M712.jpg,/content/data/images/B0HBQ5M712.jpg,300,300,1.0,0.038704872131347656
B0CW3VWC3X,https://m.media-amazon.com/images/I/41KyLKvro-L._AC_SX425_.jpg,B0CW3VWC3X.jpg,/content/data/images/B0CW3VWC3X.jpg,396,858,0.46153846153846156,0.04587554931640625
B0HC3H4KVF,https://m.media-amazon.com/images/I/71cQMLQ9E3L._AC_SX425_.jpg,B0HC3H4KVF.jpg,/content/data/images/B0HC3H4KVF.jpg,425,419,1.0143198090692125,0.049820899963378906
B0D3Q1KRRB,https://m.media-amazon.com/images/I/61GOEdCx5wL._AC_SY450_.jpg,B0D3Q1KRRB.jpg,/content/data/images/B0D3Q1KRRB.jpg,435,450,0.9666666666666667,0.04913139343261719
B0CTCLBST5,https://m.media-amazon.com/images/I/61K2qby-3oL._AC_SX425_.jpg,B0CTCLBST5.jpg,/content/data/images/B0CTCLBST5.jpg,425,526,0.8079847908745247,0.04149055480957031
B0F7QD4HSD,https://m.media-amazon.com/images/I/61IpkAmVjwL._AC_SX569_.jpg,B0F7QD4HSD.jpg,/content/data/images/B0F7QD4HSD.jpg,569,669,0.8505231689088192,0.0521697998046875
B0CDC6Y617,https://m.media-amazon.com/images/I/61oLm0rWyGL._AC_SY300_SX300_QL70_FMwebp_.jpg,B0CDC6Y617.jpg,/content/data/images/B0CDC6Y617.jpg,232,300,0.7733333333333333,0.02584552764892578
B0F7Q5RB96,https://m.media-amazon.com/images/I/71M7TCFMmoL._AC_SY300_SX300_QL70_FMwebp_.jpg,B0F7Q5RB96.jpg,/content/data/images/B0F7Q5RB96.jpg,256,300,0.8533333333333334,0.034300804138183594
B0H4T9F3CH,https://m.media-amazon.com/images/I/71FZbmcLhnL._AC_SY300_SX300_QL70_FMwebp_.jpg,B0H4T9F3CH.jpg,/content/data/images/B0H4T9F3CH.jpg,300,295,1.0169491525423728,0.035309791564941406
B0CGCMS31N,https://m.media-amazon.com/images/I/71q3xWqszZL._AC_SX425_.jpg,B0CGCMS31N.jpg,/content/data/images/B0CGCMS31N.jpg,425,821,0.5176613885505481,0.09679889678955078
B0D9VS4PV7,https://m.media-amazon.com/images/I/71JXJrTJD+L._AC_SY300_SX300_QL70_FMwebp_.jpg,B0D9VS4PV7.jpg,/content/data/images/B0D9VS4PV7.jpg,221,300,0.7366666666666667,0.0284271240234375
B0F1TNK61D,https://m.media-amazon.com/images/I/71l3AVZuJOL._AC_SY300_SX300_QL70_FMwebp_.jpg,B0F1TNK61D.jpg,/content/data/images/B0F1TNK61D.jpg,292,300,0.9733333333333334,0.035170555114746094
B0FGC514QH,https://m.media-amazon.com/images/I/71L6TNwtQJL._AC_SX425_.jpg,B0FGC514QH.jpg,/content/data/images/B0FGC514QH.jpg,425,679,0.625920471281296,0.04169940948486328
B0DFH8SNK5,https://m.media-amazon.com/images/I/714Z2a48eDL._AC_SX466_.jpg,B0DFH8SNK5.jpg,/content/data/images/B0DFH8SNK5.jpg,466,606,0.768976897689769,0.0424346923828125
B0CFVDX4HT,https://m.media-amazon.com/images/I/71ToyHTZUQL._AC_SY300_SX300_QL70_FMwebp_.jpg,B0CFVDX4HT.jpg,/content/data/images/B0CFVDX4HT.jpg,259,300,0.8633333333333333,0.032835960388183594
B0DH22XH5Y,https://m.media-amazon.com/images/I/71YogTRRVgL._AC_SY300_SX300_QL70_FMwebp_.jpg,B0DH22XH5Y.jpg,/content/data/images/B0DH22XH5Y.jpg,218,300,0.7266666666666667,0.02747821807861328
B08DY8GJN4,https://m.media-amazon.com/images/I/81pqBkXzjOL._AC_SY300_SX300_QL70_FMwebp_.jpg,B08DY8GJN4.jpg,/content/data/images/B08DY8GJN4.jpg,184,300,0.6133333333333333,0.017665863037109375
B01K6PAZ1M,https://m.media-amazon.com/images/I/41UhTjBRSXL._AC_SX569_.jpg,B01K6PAZ1M.jpg,/content/data/images/B01K6PAZ1M.jpg,488,938,0.5202558635394456,0.052112579345703125
B099JVC9HL,https://m.media-amazon.com/images/I/51rRDJJRtSL._AC_SY300_SX300_QL70_FMwebp_.jpg,B099JVC9HL.jpg,/content/data/images/B099JVC9HL.jpg,218,300,0.7266666666666667,0.024254798889160156
B0DM6HGJNS,https://m.media-amazon.com/images/I/61rwOBJpqJL._AC_SY300_SX300_QL70_FMwebp_.jpg,B0DM6HGJNS.jpg,/content/data/images/B0DM6HGJNS.jpg,222,300,0.74,0.022960662841796875
B09D51Z5TR,https://m.media-amazon.com/images/I/71rweBh02pL._AC_SY550_.jpg,B09D51Z5TR.jpg,/content/data/images/B09D51Z5TR.jpg,340,550,0.6181818181818182,0.047005653381347656
B0CC1F5CGH,https://m.media-amazon.com/images/I/71IPKT379bL._AC_SY300_SX300_QL70_FMwebp_.jpg,B0CC1F5CGH.jpg,/content/data/images/B0CC1F5CGH.jpg,260,300,0.8666666666666667,0.027968406677246094
B0CC1FTGMB,https://m.media-amazon.com/images/I/61IhnzkJNrL._AC_SX569_.jpg,B0CC1FTGMB.jpg,/content/data/images/B0CC1FTGMB.jpg,569,692,0.8222543352601156,0.06147003173828125
B0CC1F4V7Q,https://m.media-amazon.com/images/I/71D3d+Eq6cL._AC_SX569_.jpg,B0CC1F4V7Q.jpg,/content/data/images/B0CC1F4V7Q.jpg,569,657,0.8660578386605784,0.09136486053466797
B0F5Q2Y387,https://m.media-amazon.com/images/I/618ABpMD-GL._AC_SX569_.jpg,B0F5Q2Y387.jpg,/content/data/images/B0F5Q2Y387.jpg,569,792,0.7184343434343434,0.08577346801757812
B0H461C5N4,https://m.media-amazon.com/images/I/61n4qSv3uVL._AC_SX425_.jpg,B0H461C5N4.jpg,/content/data/images/B0H461C5N4.jpg,425,489,0.869120654396728,0.032691001892089844
B0G52SF9B7,https://m.media-amazon.com/images/I/71KlMeV+vsL._AC_SX425_.jpg,B0G52SF9B7.jpg,/content/data/images/B0G52SF9B7.jpg,425,437,0.9725400457665904,0.034275054931640625
B0CB1FW5FC,https://m.media-amazon.com/images/I/71gH0eRJcFL._AC_SY550_.jpg,B0CB1FW5FC.jpg,/content/data/images/B0CB1FW5FC.jpg,377,550,0.6854545454545454,0.040404319763183594
B0FW34MF6F,https://m.media-amazon.com/images/I/71S7sOrJfxL._AC_SY300_SX300_QL70_FMwebp_.jpg,B0FW34MF6F.jpg,/content/data/images/B0FW34MF6F.jpg,219,300,0.73,0.019945144653320312
B0DFLNL3XM,https://m.media-amazon.com/images/I/71UKiaeIN0L._AC_SY300_SX300_QL70_FMwebp_.jpg,B0DFLNL3XM.jpg,/content/data/images/B0DFLNL3XM.jpg,220,300,0.7333333333333333,0.02082347869873047
B0D7DKJ75M,https://m.media-amazon.com/images/I/618crocn6IL._AC_SY300_SX300_QL70_FMwebp_.jpg,B0D7DKJ75M.jpg,/content/data/images/B0D7DKJ75M.jpg,300,300,1.0,0.013202667236328125
B0CH829X5R,https://m.media-amazon.com/images/I/515bv5JCUBL._AC_SX569_.jpg,B0CH829X5R.jpg,/content/data/images/B0CH829X5R.jpg,569,569,1.0,0.03518867492675781
B0DFLGW8MF,https://m.media-amazon.com/images/I/71JM6H5GvWL._AC_SX425_.jpg,B0DFLGW8MF.jpg,/content/data/images/B0DFLGW8MF.jpg,425,581,0.7314974182444062,0.046138763427734375
B0CSW947RH,https://m.media-amazon.com/images/I/61LRFwys3NL._AC_SX569_.jpg,B0CSW947RH.jpg,/content/data/images/B0CSW947RH.jpg,569,755,0.7536423841059603,0.043189048767089844
B0H2YM86Z9,https://m.media-amazon.com/images/I/71+jab6WlVL._AC_SY300_SX300_QL70_FMwebp_.jpg,B0H2YM86Z9.jpg,/content/data/images/B0H2YM86Z9.jpg,300,213,1.408450704225352,0.01889324188232422
B0FX7T4H7D,https://m.media-amazon.com/images/I/71wjJ2LHokL._AC_SX425_.jpg,B0FX7T4H7D.jpg,/content/data/images/B0FX7T4H7D.jpg,425,663,0.6410256410256411,0.05667400360107422
B0G48J9RBZ,https://m.media-amazon.com/images/I/611crhyZZhL._AC_SY300_SX300_QL70_FMwebp_.jpg,B0G48J9RBZ.jpg,/content/data/images/B0G48J9RBZ.jpg,300,296,1.0135135135135136,0.022748947143554688
B0FB2SDTB9,https://m.media-amazon.com/images/I/61ufhswY9EL._AC_SY300_SX300_QL70_FMwebp_.jpg,B0FB2SDTB9.jpg,/content/data/images/B0FB2SDTB9.jpg,270,300,0.9,0.017780303955078125
B0FF9Q8GDX,https://m.media-amazon.com/images/I/710G4sTKwaL._AC_SX425_.jpg,B0FF9Q8GDX.jpg,/content/data/images/B0FF9Q8GDX.jpg,425,313,1.3578274760383386,0.023473739624023438
B0DC9PV394,https://m.media-amazon.com/images/I/7194KeugdyL._AC_SX425_.jpg,B0DC9PV394.jpg,/content/data/images/B0DC9PV394.jpg,425,580,0.7327586206896551,0.052165985107421875
B0H6JKT666,https://m.media-amazon.com/images/I/71QW36+CrXL._AC_SY300_SX300_QL70_FMwebp_.jpg,B0H6JKT666.jpg,/content/data/images/B0H6JKT666.jpg,300,254,1.1811023622047243,0.02170562744140625
B0DFY85DNR,https://m.media-amazon.com/images/I/61nygWCkbDL._AC_SY300_SX300_QL70_FMwebp_.jpg,B0DFY85DNR.jpg,/content/data/images/B0DFY85DNR.jpg,265,300,0.8833333333333333,0.02107524871826172
B0F66PLGWG,https://m.media-amazon.com/images/I/61TDi5WhM9L._AC_SY300_SX300_QL70_FMwebp_.jpg,B0F66PLGWG.jpg,/content/data/images/B0F66PLGWG.jpg,300,300,1.0,0.012974739074707031
B0D6RDPT9M,https://m.media-amazon.com/images/I/616Lg-jjPqL._AC_SY300_SX300_QL70_FMwebp_.jpg,B0D6RDPT9M.jpg,/content/data/images/B0D6RDPT9M.jpg,300,213,1.408450704225352,0.01486968994140625
B0DQD35SQ4,https://m.media-amazon.com/images/I/61EMAl4Nz9L._AC_SY300_SX300_QL70_FMwebp_.jpg,B0DQD35SQ4.jpg,/content/data/images/B0DQD35SQ4.jpg,249,300,0.83,0.02505016326904297
B0DSZJ7GJ9,https://m.media-amazon.com/images/I/61PeHrkX8KL._AC_SX569_.jpg,B0DSZJ7GJ9.jpg,/content/data/images/B0DSZJ7GJ9.jpg,569,881,0.6458569807037458,0.05381202697753906
B0FHGQBQKB,https://m.media-amazon.com/images/I/61gQ68EOpYL._AC_SX425_.jpg,B0FHGQBQKB.jpg,/content/data/images/B0FHGQBQKB.jpg,425,507,0.8382642998027613,0.032802581787109375
B0BXGFFSL1,https://m.media-amazon.com/images/I/71A0Pp767BL._AC_SX425_.jpg,B0BXGFFSL1.jpg,/content/data/images/B0BXGFFSL1.jpg,425,495,0.8585858585858586,0.025148391723632812
B085TFF7M1,https://m.media-amazon.com/images/I/71YN85pLGcL._AC_SX425_.jpg,B085TFF7M1.jpg,/content/data/images/B085TFF7M1.jpg,425,472,0.9004237288135594,0.038982391357421875
B0H48V9BDW,https://m.media-amazon.com/images/I/61Py+fCKCUL._AC_SY300_SX300_QL70_FMwebp_.jpg,B0H48V9BDW.jpg,/content/data/images/B0H48V9BDW.jpg,280,300,0.9333333333333333,0.02787017822265625
B0DSPJPRXD,https://m.media-amazon.com/images/I/61Z8eKKUIcL._AC_SY450_.jpg,B0DSPJPRXD.jpg,/content/data/images/B0DSPJPRXD.jpg,409,450,0.9088888888888889,0.042664527893066406
B088TSR6YJ,https://m.media-amazon.com/images/I/51EPhWPDRhL._AC_SX425_.jpg,B088TSR6YJ.jpg,/content/data/images/B088TSR6YJ.jpg,425,564,0.7535460992907801,0.04433250427246094
B0BFJ4CRKD,https://m.media-amazon.com/images/I/61WQr6U3mwL._AC_SX425_.jpg,B0BFJ4CRKD.jpg,/content/data/images/B0BFJ4CRKD.jpg,425,379,1.121372031662269,0.02625274658203125
B0CY2C7H6S,https://m.media-amazon.com/images/I/61bCeQBjUwL._AC_SY300_SX300_QL70_FMwebp_.jpg,B0CY2C7H6S.jpg,/content/data/images/B0CY2C7H6S.jpg,272,300,0.9066666666666666,0.019903182983398438
B07K986YLL,https://m.media-amazon.com/images/I/61-6uAf8soL._AC_SY300_SX300_QL70_FMwebp_.jpg,B07K986YLL.jpg,/content/data/images/B07K986YLL.jpg,222,300,0.74,0.020397186279296875
B0CJHZ92P6,https://m.media-amazon.com/images/I/71TDsZwyyEL._AC_SX425_.jpg,B0CJHZ92P6.jpg,/content/data/images/B0CJHZ92P6.jpg,425,484,0.878099173553719,0.036975860595703125
B09NBWWP79,https://m.media-amazon.com/images/I/51KIsAkiqqL._AC_SX425_.jpg,B09NBWWP79.jpg,/content/data/images/B09NBWWP79.jpg,425,449,0.9465478841870824,0.018404006958007812
B0BXGCRRLW,https://m.media-amazon.com/images/I/51YvZ8Sd4VL._AC_SY300_SX300_QL70_FMwebp_.jpg,B0BXGCRRLW.jpg,/content/data/images/B0BXGCRRLW.jpg,263,300,0.8766666666666667,0.013208389282226562
B0CQJVSL1Z,https://m.media-amazon.com/images/I/61zP5Nm0zkL._AC_SY300_SX300_QL70_FMwebp_.jpg,B0CQJVSL1Z.jpg,/content/data/images/B0CQJVSL1Z.jpg,295,300,0.9833333333333333,0.023220062255859375
B004FHO5Y6,https://m.media-amazon.com/images/I/61yo4swj-PL._AC_SX425_.jpg,B004FHO5Y6.jpg,/content/data/images/B004FHO5Y6.jpg,425,365,1.1643835616438356,0.02151775360107422
B09DVGV7BH,https://m.media-amazon.com/images/I/71h4NTgIqSL._AC_SX425_.jpg,B09DVGV7BH.jpg,/content/data/images/B09DVGV7BH.jpg,425,574,0.740418118466899,0.04989147186279297
B01LXCDPPK,https://m.media-amazon.com/images/I/61lsdoyu1yL._AC_SX425_.jpg,B01LXCDPPK.jpg,/content/data/images/B01LXCDPPK.jpg,425,463,0.91792656587473,0.03912353515625
B01N5UOYC4,https://m.media-amazon.com/images/I/71SAamTGWQL._AC_SY450_.jpg,B01N5UOYC4.jpg,/content/data/images/B01N5UOYC4.jpg,538,450,1.1955555555555555,0.03126811981201172
B09QPRV2V7,https://m.media-amazon.com/images/I/71J-sOWfYJL._AC_SX342_SY445_QL70_FMwebp_.jpg,B09QPRV2V7.jpg,/content/data/images/B09QPRV2V7.jpg,342,342,1.0,0.02936267852783203
B09QPLZ6HS,"https://m.media-amazon.com/images/I/5190OU702DL._AC_SX679_PIbundle-2,TopRight,0,0_SH20_.jpg",B09QPLZ6HS.jpg,/content/data/images/B09QPLZ6HS.jpg,679,762,0.8910761154855643,0.03677654266357422
B094YXX3BZ,https://m.media-amazon.com/images/I/51TgG95CfgS._AC_SX679_.jpg,B094YXX3BZ.jpg,/content/data/images/B094YXX3BZ.jpg,679,679,1.0,0.029329299926757812
B0CM5Q5PS8,https://m.media-amazon.com/images/I/61XSwuYF6-L._AC_SX679_.jpg,B0CM5Q5PS8.jpg,/content/data/images/B0CM5Q5PS8.jpg,679,679,1.0,0.05787467956542969
B0C4JTPPYY,https://m.media-amazon.com/images/I/71Xa0fzUiGL._AC_SX342_SY445_QL70_FMwebp_.jpg,B0C4JTPPYY.jpg,/content/data/images/B0C4JTPPYY.jpg,342,342,1.0,0.042621612548828125
B08LMTQ7ZF,https://m.media-amazon.com/images/I/41AHv3QGMBL._AC_SY606_.jpg,B08LMTQ7ZF.jpg,/content/data/images/B08LMTQ7ZF.jpg,448,606,0.7392739273927392,0.019702911376953125
B0BRCJL4MM,https://m.media-amazon.com/images/I/616md8tdywL._AC_SX342_SY445_QL70_FMwebp_.jpg,B0BRCJL4MM.jpg,/content/data/images/B0BRCJL4MM.jpg,342,342,1.0,0.042082786560058594
B08LMPCX3D,https://m.media-amazon.com/images/I/414aTqtPerL._AC_SY445_SX342_QL70_FMwebp_.jpg,B08LMPCX3D.jpg,/content/data/images/B08LMPCX3D.jpg,324,445,0.7280898876404495,0.009433746337890625
B0BB5ZBT42,https://m.media-amazon.com/images/I/61RJ3ZzSURL._AC_SX679_.jpg,B0BB5ZBT42.jpg,/content/data/images/B0BB5ZBT42.jpg,679,652,1.0414110429447854,0.05119037628173828
B0F22BR222,https://m.media-amazon.com/images/I/61AWdMHutCL._AC_SX425_.jpg,B0F22BR222.jpg,/content/data/images/B0F22BR222.jpg,425,456,0.9320175438596491,0.030183792114257812
B0F6MXFNPQ,https://m.media-amazon.com/images/I/61zway3rsKL._AC_SX342_SY445_QL70_FMwebp_.jpg,B0F6MXFNPQ.jpg,/content/data/images/B0F6MXFNPQ.jpg,342,432,0.7916666666666666,0.023561477661132812
B0GY76LD9T,https://m.media-amazon.com/images/I/61G5BX7NA7L._AC_SX342_SY445_QL70_FMwebp_.jpg,B0GY76LD9T.jpg,/content/data/images/B0GY76LD9T.jpg,342,342,1.0,0.015456199645996094
B0D1FQCKXM,https://m.media-amazon.com/images/I/61A9bee+w3L._AC_SX522_.jpg,B0D1FQCKXM.jpg,/content/data/images/B0D1FQCKXM.jpg,522,522,1.0,0.04608726501464844
B0D4DG2CG2,https://m.media-amazon.com/images/I/71CyRyEBOKL._AC_SX569_.jpg,B0D4DG2CG2.jpg,/content/data/images/B0D4DG2CG2.jpg,569,616,0.9237012987012987,0.06575679779052734
B0BNHNG5CY,https://m.media-amazon.com/images/I/81f0B2GPxyL._AC_SX342_SY445_QL70_FMwebp_.jpg,B0BNHNG5CY.jpg,/content/data/images/B0BNHNG5CY.jpg,342,342,1.0,0.06061553955078125
B08SK4DMHR,https://m.media-amazon.com/images/I/61s7RGRwSoL._AC_SX679_.jpg,B08SK4DMHR.jpg,/content/data/images/B08SK4DMHR.jpg,679,679,1.0,0.06335926055908203
B0FCS5W2WL,https://m.media-amazon.com/images/I/61bl-TYGyzL._AC_SX342_SY445_QL70_FMwebp_.jpg,B0FCS5W2WL.jpg,/content/data/images/B0FCS5W2WL.jpg,342,342,1.0,0.027299880981445312
B0CRY97FPB,https://m.media-amazon.com/images/I/61ndeyWcaHL._AC_SX425_.jpg,B0CRY97FPB.jpg,/content/data/images/B0CRY97FPB.jpg,425,412,1.0315533980582525,0.02739238739013672
B0CM393GGP,https://m.media-amazon.com/images/I/61GkmWiegoL._AC_SX679_.jpg,B0CM393GGP.jpg,/content/data/images/B0CM393GGP.jpg,679,679,1.0,0.03802299499511719
B0D7CJ6BDH,https://m.media-amazon.com/images/I/71J+5bdf66L._AC_SX679_.jpg,B0D7CJ6BDH.jpg,/content/data/images/B0D7CJ6BDH.jpg,679,679,1.0,0.07439327239990234
B09XF23WY2,https://m.media-amazon.com/images/I/71RBlpE8s1L._AC_SX522_.jpg,B09XF23WY2.jpg,/content/data/images/B09XF23WY2.jpg,522,522,1.0,0.03274822235107422
B0D2LGK82V,https://m.media-amazon.com/images/I/61RTVGWbTzL._AC_SX342_SY445_QL70_FMwebp_.jpg,B0D2LGK82V.jpg,/content/data/images/B0D2LGK82V.jpg,342,341,1.002932551319648,0.029558181762695312
B0GXV4S23L,https://m.media-amazon.com/images/I/71dau9RTrSL._AC_SX342_SY445_QL70_FMwebp_.jpg,B0GXV4S23L.jpg,/content/data/images/B0GXV4S23L.jpg,342,340,1.0058823529411764,0.03794288635253906
B0FG7XJWLM,https://m.media-amazon.com/images/I/615Z7oVAWrL._AC_SX522_.jpg,B0FG7XJWLM.jpg,/content/data/images/B0FG7XJWLM.jpg,522,653,0.7993874425727412,0.056885719299316406
B0BR5JHB3Z,https://m.media-amazon.com/images/I/51F1eWcmohL._AC_SX342_SY445_QL70_FMwebp_.jpg,B0BR5JHB3Z.jpg,/content/data/images/B0BR5JHB3Z.jpg,342,342,1.0,0.019708633422851562
B0D41XL87F,https://m.media-amazon.com/images/I/618yTEtHltL._AC_SX342_SY445_QL70_FMwebp_.jpg,B0D41XL87F.jpg,/content/data/images/B0D41XL87F.jpg,342,431,0.7935034802784223,0.03396797180175781
B0DQTRH3V4,https://m.media-amazon.com/images/I/715Z-w1r7WL._AC_SX342_SY445_QL70_FMwebp_.jpg,B0DQTRH3V4.jpg,/content/data/images/B0DQTRH3V4.jpg,342,342,1.0,0.03644561767578125
B0F5BH3Z9T,https://m.media-amazon.com/images/I/714xK7MO04L._AC_SX342_SY445_QL70_FMwebp_.jpg,B0F5BH3Z9T.jpg,/content/data/images/B0F5BH3Z9T.jpg,342,342,1.0,0.05043315887451172
B0C277LF46,https://m.media-amazon.com/images/I/41ZMgydNUnL._AC_SX679_.jpg,B0C277LF46.jpg,/content/data/images/B0C277LF46.jpg,679,1010,0.6722772277227723,0.03033924102783203
B09YV633PL,https://m.media-amazon.com/images/I/71TC8+sR1ML._AC_SX679_.jpg,B09YV633PL.jpg,/content/data/images/B09YV633PL.jpg,679,679,1.0,0.08533477783203125
B0DS41FKHX,https://m.media-amazon.com/images/I/61MPf0qbesL._AC_SX342_SY445_QL70_FMwebp_.jpg,B0DS41FKHX.jpg,/content/data/images/B0DS41FKHX.jpg,342,342,1.0,0.026726722717285156
B0868HY623,https://m.media-amazon.com/images/I/51Ap5qHeQGL._AC_SX522_.jpg,B0868HY623.jpg,/content/data/images/B0868HY623.jpg,522,644,0.8105590062111802,0.01959514617919922
B0FRS7SVR7,https://m.media-amazon.com/images/I/71yF5jiw+QL._AC_SX679_.jpg,B0FRS7SVR7.jpg,/content/data/images/B0FRS7SVR7.jpg,679,679,1.0,0.1326446533203125
B08DKQ3JG1,https://m.media-amazon.com/images/I/51p1Ui5sa7L._AC_SX522_.jpg,B08DKQ3JG1.jpg,/content/data/images/B08DKQ3JG1.jpg,522,418,1.2488038277511961,0.028900146484375
B0CZMPX2PW,https://m.media-amazon.com/images/I/71bsih1Q6jL._AC_SX679_.jpg,B0CZMPX2PW.jpg,/content/data/images/B0CZMPX2PW.jpg,679,679,1.0,0.08897113800048828
B00KSQ8ZNA,https://m.media-amazon.com/images/I/51p4ifgCDiL._AC_SX679_.jpg,B00KSQ8ZNA.jpg,/content/data/images/B00KSQ8ZNA.jpg,679,690,0.9840579710144928,0.02441692352294922
B0D1KHCHZP,https://m.media-amazon.com/images/I/712wESC+glL._AC_SX679_.jpg,B0D1KHCHZP.jpg,/content/data/images/B0D1KHCHZP.jpg,679,725,0.9365517241379311,0.051758766174316406
B0C3M87K71,https://m.media-amazon.com/images/I/81w+lapuT-L._AC_SX342_SY445_QL70_FMwebp_.jpg,B0C3M87K71.jpg,/content/data/images/B0C3M87K71.jpg,342,342,1.0,0.03866386413574219
B0D1DLY4H4,https://m.media-amazon.com/images/I/81BmsA+gTML._AC_SY300_SX300_QL70_FMwebp_.jpg,B0D1DLY4H4.jpg,/content/data/images/B0D1DLY4H4.jpg,300,300,1.0,0.034165382385253906
B0F1XKYJFD,https://m.media-amazon.com/images/I/71W9f2sCHwL._AC_SX342_SY445_QL70_FMwebp_.jpg,B0F1XKYJFD.jpg,/content/data/images/B0F1XKYJFD.jpg,342,342,1.0,0.04421520233154297
B0BR3R7GHN,https://m.media-amazon.com/images/I/61N+Cn7-R2L._AC_SX342_SY445_QL70_FMwebp_.jpg,B0BR3R7GHN.jpg,/content/data/images/B0BR3R7GHN.jpg,297,445,0.6674157303370787,0.019062042236328125
B0D1QY8PL6,https://m.media-amazon.com/images/I/71YudVkqw1L._AC_SX342_SY445_QL70_FMwebp_.jpg,B0D1QY8PL6.jpg,/content/data/images/B0D1QY8PL6.jpg,342,342,1.0,0.022599220275878906
B0CLNFNCQ5,https://m.media-amazon.com/images/I/61B8m2c1TSL._AC_SX679_.jpg,B0CLNFNCQ5.jpg,/content/data/images/B0CLNFNCQ5.jpg,679,679,1.0,0.05260276794433594
B0CJM6WYZ8,https://m.media-amazon.com/images/I/718h9-BTMdL._AC_SX679_.jpg,B0CJM6WYZ8.jpg,/content/data/images/B0CJM6WYZ8.jpg,679,679,1.0,0.10238361358642578
B0CNZS9RRB,https://m.media-amazon.com/images/I/71fJyc-FZ3L._AC_SX679_.jpg,B0CNZS9RRB.jpg,/content/data/images/B0CNZS9RRB.jpg,679,679,1.0,0.06749439239501953
B0G6KNJH1Z,https://m.media-amazon.com/images/I/71V6RC7lVzL._AC_SX679_.jpg,B0G6KNJH1Z.jpg,/content/data/images/B0G6KNJH1Z.jpg,679,679,1.0,0.05730152130126953
B09XF3HRGW,https://m.media-amazon.com/images/I/614aNUDoCxL._AC_SX522_.jpg,B09XF3HRGW.jpg,/content/data/images/B09XF3HRGW.jpg,522,522,1.0,0.029994964599609375
B0GCHK16ZH,https://m.media-amazon.com/images/I/71+1uYVd7FL._AC_SX342_SY445_QL70_FMwebp_.jpg,B0GCHK16ZH.jpg,/content/data/images/B0GCHK16ZH.jpg,342,342,1.0,0.03858375549316406
B0C7H3MSVJ,https://m.media-amazon.com/images/I/71BDRcOswAL._AC_SX342_SY445_QL70_FMwebp_.jpg,B0C7H3MSVJ.jpg,/content/data/images/B0C7H3MSVJ.jpg,342,342,1.0,0.050312042236328125
B0G7RDYJFY,https://m.media-amazon.com/images/I/71g-0BOfQZL._AC_SX342_SY445_QL70_FMwebp_.jpg,B0G7RDYJFY.jpg,/content/data/images/B0G7RDYJFY.jpg,342,342,1.0,0.037598609924316406
B0GT9BR934,https://m.media-amazon.com/images/I/61u9vQYtORL._AC_SX342_SY445_QL70_FMwebp_.jpg,B0GT9BR934.jpg,/content/data/images/B0GT9BR934.jpg,342,338,1.0118343195266273,0.03141021728515625
B0CQ3ZGKP3,https://m.media-amazon.com/images/I/61wOrELntLL._AC_SX679_.jpg,B0CQ3ZGKP3.jpg,/content/data/images/B0CQ3ZGKP3.jpg,679,679,1.0,0.041871070861816406
B0DG7H2FL4,https://m.media-amazon.com/images/I/61lRFBVdqIL._AC_SX679_.jpg,B0DG7H2FL4.jpg,/content/data/images/B0DG7H2FL4.jpg,679,679,1.0,0.04024219512939453
B0G7SSHT9F,https://m.media-amazon.com/images/I/71Vq5wj2AvL._AC_SX342_SY445_QL70_FMwebp_.jpg,B0G7SSHT9F.jpg,/content/data/images/B0G7SSHT9F.jpg,342,342,1.0,0.02846050262451172
B0CRQX9R5H,https://m.media-amazon.com/images/I/71PfS6mvzJL._AC_SX342_SY445_QL70_FMwebp_.jpg,B0CRQX9R5H.jpg,/content/data/images/B0CRQX9R5H.jpg,342,342,1.0,0.0396728515625
B0D14L7MGZ,"https://m.media-amazon.com/images/I/71tZc+TJLqL._AC_SX679_PIbundle-2,TopRight,0,0_SH20_.jpg",B0D14L7MGZ.jpg,/content/data/images/B0D14L7MGZ.jpg,679,679,1.0,0.07228374481201172
B099MV5XMX,https://m.media-amazon.com/images/I/51nx4ZZbhrL._AC_SX679_.jpg,B099MV5XMX.jpg,/content/data/images/B099MV5XMX.jpg,679,557,1.2190305206463197,0.03119945526123047
B0BBMK7RCF,https://m.media-amazon.com/images/I/616Q0QJIz5L._AC_SX679_.jpg,B0BBMK7RCF.jpg,/content/data/images/B0BBMK7RCF.jpg,679,680,0.9985294117647059,0.0639047622680664
B07VVK39F7,https://m.media-amazon.com/images/I/71t-9BTIg9L._AC_SY300_SX300_QL70_FMwebp_.jpg,B07VVK39F7.jpg,/content/data/images/B07VVK39F7.jpg,168,300,0.56,0.02144908905029297
B09GTRVJQM,https://m.media-amazon.com/images/I/71wGv7Fh2AL._AC_SY300_SX300_QL70_FMwebp_.jpg,B09GTRVJQM.jpg,/content/data/images/B09GTRVJQM.jpg,167,300,0.5566666666666666,0.02352619171142578
B0DCBC8KKV,https://m.media-amazon.com/images/I/71XSV7-shcL._AC_SX300_SY300_QL70_FMwebp_.jpg,B0DCBC8KKV.jpg,/content/data/images/B0DCBC8KKV.jpg,300,267,1.1235955056179776,0.03966236114501953
B0BGPF71Q6,https://m.media-amazon.com/images/I/710w2H0ip+L._AC_SY300_SX300_QL70_FMwebp_.jpg,B0BGPF71Q6.jpg,/content/data/images/B0BGPF71Q6.jpg,256,300,0.8533333333333334,0.03299140930175781
B0BNDM2RNG,https://m.media-amazon.com/images/I/71DTJ31s80L._AC_SY300_SX300_QL70_FMwebp_.jpg,B0BNDM2RNG.jpg,/content/data/images/B0BNDM2RNG.jpg,248,300,0.8266666666666667,0.03456687927246094
B08FJ678YK,https://m.media-amazon.com/images/I/61YVFzh9kLL._AC_SY300_SX300_QL70_FMwebp_.jpg,B08FJ678YK.jpg,/content/data/images/B08FJ678YK.jpg,258,300,0.86,0.0228271484375
B0DGC4GTRZ,https://m.media-amazon.com/images/I/61dU3cCuP1L._AC_SY300_SX300_QL70_FMwebp_.jpg,B0DGC4GTRZ.jpg,/content/data/images/B0DGC4GTRZ.jpg,181,300,0.6033333333333334,0.01181793212890625
B0CXJ97TV1,https://m.media-amazon.com/images/I/81dn-0nNc5L._AC_SY300_SX300_QL70_FMwebp_.jpg,B0CXJ97TV1.jpg,/content/data/images/B0CXJ97TV1.jpg,297,300,0.99,0.054439544677734375
B0B4ZSKPNL,https://m.media-amazon.com/images/I/71UoENKnfkL._AC_SX522_.jpg,B0B4ZSKPNL.jpg,/content/data/images/B0B4ZSKPNL.jpg,522,796,0.6557788944723618,0.09285545349121094
B09FJSJQ95,https://m.media-amazon.com/images/I/61OKjqjD5zL._AC_SX522_.jpg,B09FJSJQ95.jpg,/content/data/images/B09FJSJQ95.jpg,522,906,0.5761589403973509,0.1121835708618164
B08HW4HX66,https://m.media-amazon.com/images/I/61LlHFIPO-L._AC_SX569_.jpg,B08HW4HX66.jpg,/content/data/images/B08HW4HX66.jpg,569,771,0.7380025940337225,0.05146598815917969
B0DJG1731C,https://m.media-amazon.com/images/I/71a4tm4xYoL._AC_SY300_SX300_QL70_FMwebp_.jpg,B0DJG1731C.jpg,/content/data/images/B0DJG1731C.jpg,184,300,0.6133333333333333,0.016054153442382812
B08KPJ76RR,https://m.media-amazon.com/images/I/71ot432jYAL._AC_SX522_.jpg,B08KPJ76RR.jpg,/content/data/images/B08KPJ76RR.jpg,522,606,0.8613861386138614,0.06558036804199219
B01728NLRG,https://m.media-amazon.com/images/I/61Cgh4ol4oL._AC_SY300_SX300_QL70_FMwebp_.jpg,B01728NLRG.jpg,/content/data/images/B01728NLRG.jpg,240,300,0.8,0.015088081359863281
B004VGIGVY,https://m.media-amazon.com/images/I/71sfbBI9LWL._AC_SX522_.jpg,B004VGIGVY.jpg,/content/data/images/B004VGIGVY.jpg,522,1159,0.45038826574633306,0.15931224822998047
B083TMWFSZ,https://m.media-amazon.com/images/I/711getQMnvL._AC_SY300_SX300_QL70_FMwebp_.jpg,B083TMWFSZ.jpg,/content/data/images/B083TMWFSZ.jpg,167,300,0.5566666666666666,0.01951313018798828
B00FLYWNYQ,https://m.media-amazon.com/images/I/71Z401LjFFL._AC_SX569_.jpg,B00FLYWNYQ.jpg,/content/data/images/B00FLYWNYQ.jpg,569,595,0.9563025210084034,0.06051063537597656
B06Y1YD5W7,https://m.media-amazon.com/images/I/71lX5BofA0L._AC_SX569_.jpg,B06Y1YD5W7.jpg,/content/data/images/B06Y1YD5W7.jpg,569,577,0.9861351819757366,0.05859565734863281
B08PQ2KWHS,https://m.media-amazon.com/images/I/71crmdgrhpL._AC_SX569_.jpg,B08PQ2KWHS.jpg,/content/data/images/B08PQ2KWHS.jpg,569,620,0.917741935483871,0.06382179260253906
B01B1VC13K,https://m.media-amazon.com/images/I/71Z401LjFFL._AC_SX569_.jpg,B01B1VC13K.jpg,/content/data/images/B01B1VC13K.jpg,569,595,0.9563025210084034,0.06051063537597656
B01NBKTPTS,https://m.media-amazon.com/images/I/71nx65qZq6L._AC_SX569_.jpg,B01NBKTPTS.jpg,/content/data/images/B01NBKTPTS.jpg,569,564,1.0088652482269505,0.054744720458984375
B08PPZWNCV,https://m.media-amazon.com/images/I/71crmdgrhpL._AC_SX569_.jpg,B08PPZWNCV.jpg,/content/data/images/B08PPZWNCV.jpg,569,620,0.917741935483871,0.06382179260253906
B0F9B923NC,https://m.media-amazon.com/images/I/71gkCf-Lo8L._AC_SX569_.jpg,B0F9B923NC.jpg,/content/data/images/B0F9B923NC.jpg,569,438,1.2990867579908676,0.044350624084472656
B0BFX95J5P,https://m.media-amazon.com/images/I/61GhDaofSJL._AC_SY300_SX300_QL70_FMwebp_.jpg,B0BFX95J5P.jpg,/content/data/images/B0BFX95J5P.jpg,297,300,0.99,0.03512287139892578
B0C35HNPW9,https://m.media-amazon.com/images/I/61TQJ9tFD3L._AC_SX569_.jpg,B0C35HNPW9.jpg,/content/data/images/B0C35HNPW9.jpg,569,452,1.258849557522124,0.04472064971923828
B0FBK1XHXR,https://m.media-amazon.com/images/I/61z89QAAxSL._AC_SY300_SX300_QL70_FMwebp_.jpg,B0FBK1XHXR.jpg,/content/data/images/B0FBK1XHXR.jpg,300,290,1.0344827586206897,0.018479347229003906
B0F9BD5M2K,https://m.media-amazon.com/images/I/61aqK+ik60L._AC_SX569_.jpg,B0F9BD5M2K.jpg,/content/data/images/B0F9BD5M2K.jpg,569,439,1.296127562642369,0.03424835205078125
B0F9B9R5J9,https://m.media-amazon.com/images/I/61tkkXRXmFL._AC_SX569_.jpg,B0F9B9R5J9.jpg,/content/data/images/B0F9B9R5J9.jpg,569,439,1.296127562642369,0.030295372009277344
B09MZTP44L,https://m.media-amazon.com/images/I/617cdlhLjyL._AC_SX569_.jpg,B09MZTP44L.jpg,/content/data/images/B09MZTP44L.jpg,569,587,0.969335604770017,0.054900169372558594
B0DJFJFSZ5,https://m.media-amazon.com/images/I/71PsZtsmzPL._AC_SX569_.jpg,B0DJFJFSZ5.jpg,/content/data/images/B0DJFJFSZ5.jpg,569,637,0.8932496075353218,0.06406497955322266
B07VT23JDM,https://m.media-amazon.com/images/I/81vc3qXKPpL._AC_SX569_.jpg,B07VT23JDM.jpg,/content/data/images/B07VT23JDM.jpg,569,533,1.0675422138836772,0.07935237884521484
B08TMTJZ8L,https://m.media-amazon.com/images/I/71P6O0B4mJL._AC_SX569_.jpg,B08TMTJZ8L.jpg,/content/data/images/B08TMTJZ8L.jpg,569,616,0.9237012987012987,0.07370376586914062
B0D1DQ7BH9,https://m.media-amazon.com/images/I/71rSki0InZL._AC_SX522_.jpg,B0D1DQ7BH9.jpg,/content/data/images/B0D1DQ7BH9.jpg,522,668,0.781437125748503,0.056084632873535156
B0GQW7WKGN,https://m.media-amazon.com/images/I/718LUcfbK6L._SX425_.jpg,B0GQW7WKGN.jpg,/content/data/images/B0GQW7WKGN.jpg,425,425,1.0,0.040561676025390625
B0B5HRWH1S,https://m.media-amazon.com/images/I/716aBZ5fzEL._AC_SX522_.jpg,B0B5HRWH1S.jpg,/content/data/images/B0B5HRWH1S.jpg,522,521,1.0019193857965452,0.04629707336425781
B0B3SRSP78,https://m.media-amazon.com/images/I/71XgA99VLqL._AC_SY300_SX300_QL70_FMwebp_.jpg,B0B3SRSP78.jpg,/content/data/images/B0B3SRSP78.jpg,272,300,0.9066666666666666,0.029145240783691406
B072YVWBXH,https://m.media-amazon.com/images/I/71sZ7M1OHwL._AC_SY741_.jpg,B072YVWBXH.jpg,/content/data/images/B072YVWBXH.jpg,550,741,0.7422402159244265,0.07605838775634766
B01AKGRTUM,https://m.media-amazon.com/images/I/71IK7O6ghHL._AC_SX522_.jpg,B01AKGRTUM.jpg,/content/data/images/B01AKGRTUM.jpg,522,717,0.7280334728033473,0.062381744384765625
B09LD7WRVS,https://m.media-amazon.com/images/I/71Nuz9Sjl1L._AC_SX522_.jpg,B09LD7WRVS.jpg,/content/data/images/B09LD7WRVS.jpg,522,675,0.7733333333333333,0.07458305358886719
B003UKM9CO,https://m.media-amazon.com/images/I/512V1GCv-zL._SX425_.jpg,B003UKM9CO.jpg,/content/data/images/B003UKM9CO.jpg,425,425,1.0,0.026230812072753906
B09LD8T445,https://m.media-amazon.com/images/I/71cDXvMPoaL._AC_SY300_SX300_QL70_FMwebp_.jpg,B09LD8T445.jpg,/content/data/images/B09LD8T445.jpg,232,300,0.7733333333333333,0.026271820068359375
B09LD8VFS1,https://m.media-amazon.com/images/I/71oj36xw89L._AC_SX522_.jpg,B09LD8VFS1.jpg,/content/data/images/B09LD8VFS1.jpg,522,675,0.7733333333333333,0.073089599609375
B0B9RQJFDV,https://m.media-amazon.com/images/I/61H8XXeTIyL._AC_SX522_.jpg,B0B9RQJFDV.jpg,/content/data/images/B0B9RQJFDV.jpg,522,621,0.8405797101449275,0.06393814086914062
B0FKBGLZRL,https://m.media-amazon.com/images/I/71UFfgHCOkL._AC_SY300_SX300_QL70_FMwebp_.jpg,B0FKBGLZRL.jpg,/content/data/images/B0FKBGLZRL.jpg,270,300,0.9,0.031948089599609375
B0G3QN4SFY,https://m.media-amazon.com/images/I/71RymwK0PyL._AC_SX522_.jpg,B0G3QN4SFY.jpg,/content/data/images/B0G3QN4SFY.jpg,522,693,0.7532467532467533,0.0765829086303711
B0GXDK2WHM,https://m.media-amazon.com/images/I/71AtNK+OtfL._AC_SY300_SX300_QL70_FMwebp_.jpg,B0GXDK2WHM.jpg,/content/data/images/B0GXDK2WHM.jpg,275,300,0.9166666666666666,0.028908729553222656
B07XF8NT4C,https://m.media-amazon.com/images/I/714edu+SiTL._AC_SY300_SX300_QL70_FMwebp_.jpg,B07XF8NT4C.jpg,/content/data/images/B07XF8NT4C.jpg,255,300,0.85,0.02615070343017578
B0B5YPHMW8,https://m.media-amazon.com/images/I/712wsExLi1L._AC_SX522_.jpg,B0B5YPHMW8.jpg,/content/data/images/B0B5YPHMW8.jpg,522,563,0.9271758436944938,0.05540180206298828
B0G3QTZV2L,https://m.media-amazon.com/images/I/7172WVz6QFL._AC_SX522_.jpg,B0G3QTZV2L.jpg,/content/data/images/B0G3QTZV2L.jpg,522,693,0.7532467532467533,0.07967281341552734
B0H46WV6X2,https://m.media-amazon.com/images/I/71UTNQrYgoL._AC_SY300_SX300_QL70_FMwebp_.jpg,B0H46WV6X2.jpg,/content/data/images/B0H46WV6X2.jpg,241,300,0.8033333333333333,0.027248382568359375
B0F5BV6B9G,https://m.media-amazon.com/images/I/81PtoxIuGiL._AC_SX522_.jpg,B0F5BV6B9G.jpg,/content/data/images/B0F5BV6B9G.jpg,522,544,0.9595588235294118,0.0769948959350586
B0GJFW4MZC,https://m.media-amazon.com/images/I/81C2Zf14c8L._AC_SX522_.jpg,B0GJFW4MZC.jpg,/content/data/images/B0GJFW4MZC.jpg,522,727,0.7180192572214581,0.11237525939941406
B08L78KPWJ,https://m.media-amazon.com/images/I/61dG3t0xmAL._AC_SX522_.jpg,B08L78KPWJ.jpg,/content/data/images/B08L78KPWJ.jpg,522,633,0.8246445497630331,0.06358814239501953
B09LD8VXLX,https://m.media-amazon.com/images/I/71dReXZjCHL._AC_SX522_.jpg,B09LD8VXLX.jpg,/content/data/images/B09LD8VXLX.jpg,522,674,0.7744807121661721,0.06735038757324219
B0D1DRYBTN,https://m.media-amazon.com/images/I/71-TEIUgyVL._AC_SX522_.jpg,B0D1DRYBTN.jpg,/content/data/images/B0D1DRYBTN.jpg,522,668,0.781437125748503,0.052771568298339844
B07XG68WX2,https://m.media-amazon.com/images/I/71IPThSYFzL._AC_SX522_.jpg,B07XG68WX2.jpg,/content/data/images/B07XG68WX2.jpg,522,615,0.848780487804878,0.06263256072998047
B0G3RD2XVH,https://m.media-amazon.com/images/I/71YDgpbxM4L._AC_SX522_.jpg,B0G3RD2XVH.jpg,/content/data/images/B0G3RD2XVH.jpg,522,685,0.762043795620438,0.07377147674560547
B0GQWSKBLD,https://m.media-amazon.com/images/I/71nXbS3smzL._SX425_.jpg,B0GQWSKBLD.jpg,/content/data/images/B0GQWSKBLD.jpg,425,425,1.0,0.04272747039794922
B0FRFW6VYR,https://m.media-amazon.com/images/I/61IV5EMfZSL._AC_SX522_.jpg,B0FRFW6VYR.jpg,/content/data/images/B0FRFW6VYR.jpg,522,674,0.7744807121661721,0.0706634521484375
B0B5HVM6JX,https://m.media-amazon.com/images/I/71yOR1jDxDL._SX425_.jpg,B0B5HVM6JX.jpg,/content/data/images/B0B5HVM6JX.jpg,425,425,1.0,0.03802680969238281
B0DLLGG2Z8,https://m.media-amazon.com/images/I/71T2M1od6VL._AC_SX522_.jpg,B0DLLGG2Z8.jpg,/content/data/images/B0DLLGG2Z8.jpg,522,623,0.8378812199036918,0.05598163604736328
B0G3QSHJCC,https://m.media-amazon.com/images/I/715d+UZTTML._AC_SX522_.jpg,B0G3QSHJCC.jpg,/content/data/images/B0G3QSHJCC.jpg,522,691,0.7554269175108539,0.0770578384399414
B0FWLMV6NH,"https://m.media-amazon.com/images/I/81JMyJ5BsAL._AC_SX522_PIbundle-2,TopRight,0,0_SH20_.jpg",B0FWLMV6NH.jpg,/content/data/images/B0FWLMV6NH.jpg,522,534,0.9775280898876404,0.0775747299194336
B0D1DB1LXJ,https://m.media-amazon.com/images/I/71ujqKkxXFL._AC_SX522_.jpg,B0D1DB1LXJ.jpg,/content/data/images/B0D1DB1LXJ.jpg,522,668,0.781437125748503,0.055886268615722656
B084TM4XKG,https://m.media-amazon.com/images/I/71byfeta6NL._AC_SX522_.jpg,B084TM4XKG.jpg,/content/data/images/B084TM4XKG.jpg,522,492,1.0609756097560976,0.07969093322753906
B07R8WGDKF,https://m.media-amazon.com/images/I/71tEisRUe9L._AC_SX522_.jpg,B07R8WGDKF.jpg,/content/data/images/B07R8WGDKF.jpg,522,531,0.9830508474576272,0.05070781707763672
B07L5P2J8D,https://m.media-amazon.com/images/I/71IaHajxPmL._SX425_.jpg,B07L5P2J8D.jpg,/content/data/images/B07L5P2J8D.jpg,425,425,1.0,0.03909111022949219
B0DH1N34ZZ,https://m.media-amazon.com/images/I/81tF7f6NqwL._AC_SX522_.jpg,B0DH1N34ZZ.jpg,/content/data/images/B0DH1N34ZZ.jpg,522,526,0.9923954372623575,0.06398296356201172
B0CZL55GR7,https://m.media-amazon.com/images/I/61UwtblSjHL._AC_SX522_.jpg,B0CZL55GR7.jpg,/content/data/images/B0CZL55GR7.jpg,522,512,1.01953125,0.06373214721679688
B008I2IKI6,https://m.media-amazon.com/images/I/71grXP2XOlL._SX425_.jpg,B008I2IKI6.jpg,/content/data/images/B008I2IKI6.jpg,425,425,1.0,0.021524429321289062
B0HF883PF7,https://m.media-amazon.com/images/I/81CfAgcUfPL._AC_SY300_SX300_QL70_FMwebp_.jpg,B0HF883PF7.jpg,/content/data/images/B0HF883PF7.jpg,290,300,0.9666666666666667,0.036955833435058594
B0DCCJZC9F,https://m.media-amazon.com/images/I/71J5oso-LTL._AC_SY300_SX300_QL70_FMwebp_.jpg,B0DCCJZC9F.jpg,/content/data/images/B0DCCJZC9F.jpg,249,300,0.83,0.028847694396972656
B0B5HSNPNH,https://m.media-amazon.com/images/I/81g4-JJzhxL._AC_SX522_.jpg,B0B5HSNPNH.jpg,/content/data/images/B0B5HSNPNH.jpg,522,552,0.9456521739130435,0.06035327911376953
B0G67KHJ47,https://m.media-amazon.com/images/I/71BMOqRVA7L._AC_SX522_.jpg,B0G67KHJ47.jpg,/content/data/images/B0G67KHJ47.jpg,522,666,0.7837837837837838,0.07980632781982422
B0G67636H9,https://m.media-amazon.com/images/I/7164PjgtPOL._AC_SX522_.jpg,B0G67636H9.jpg,/content/data/images/B0G67636H9.jpg,522,693,0.7532467532467533,0.08591175079345703
B07HFG93GK,https://m.media-amazon.com/images/I/71uqVebPu5L._AC_SX522_.jpg,B07HFG93GK.jpg,/content/data/images/B07HFG93GK.jpg,522,524,0.9961832061068703,0.057732582092285156
B08WSTTCMG,https://m.media-amazon.com/images/I/719uGRgzPZL._SX425_.jpg,B08WSTTCMG.jpg,/content/data/images/B08WSTTCMG.jpg,425,419,1.0143198090692125,0.042593955993652344
B0B5YPZS45,https://m.media-amazon.com/images/I/71hsDPWIeuL._AC_SX522_.jpg,B0B5YPZS45.jpg,/content/data/images/B0B5YPZS45.jpg,522,559,0.9338103756708408,0.04726123809814453
B0B6JTYB49,https://m.media-amazon.com/images/I/71oz+whIi5L._AC_SX522_.jpg,B0B6JTYB49.jpg,/content/data/images/B0B6JTYB49.jpg,522,726,0.71900826446281,0.06424236297607422
B0F32L1MCQ,https://m.media-amazon.com/images/I/71-kjqac+rL._AC_SX522_.jpg,B0F32L1MCQ.jpg,/content/data/images/B0F32L1MCQ.jpg,522,632,0.8259493670886076,0.05415534973144531
B0H46YSXY4,https://m.media-amazon.com/images/I/71NHyb1loJL._AC_SY300_SX300_QL70_FMwebp_.jpg,B0H46YSXY4.jpg,/content/data/images/B0H46YSXY4.jpg,242,300,0.8066666666666666,0.027217864990234375
B07DNR6TKM,https://m.media-amazon.com/images/I/61xZfCqXfGL._SX425_.jpg,B07DNR6TKM.jpg,/content/data/images/B07DNR6TKM.jpg,425,425,1.0,0.012454986572265625
B0B6KKXWQV,https://m.media-amazon.com/images/I/71gixtwcf1L._AC_SX522_.jpg,B0B6KKXWQV.jpg,/content/data/images/B0B6KKXWQV.jpg,522,726,0.71900826446281,0.06108665466308594
B0DNMLK6SC,https://m.media-amazon.com/images/I/719Qwh9HkEL._AC_SY300_SX300_QL70_FMwebp_.jpg,B0DNMLK6SC.jpg,/content/data/images/B0DNMLK6SC.jpg,296,300,0.9866666666666667,0.037387847900390625
B078BF27BF,https://m.media-amazon.com/images/I/71L8hY4pH-L._AC_SY300_SX300_QL70_FMwebp_.jpg,B078BF27BF.jpg,/content/data/images/B078BF27BF.jpg,286,300,0.9533333333333334,0.027103424072265625
B0HDN7R95F,https://m.media-amazon.com/images/I/61R8r1tGQyL._AC_SY300_SX300_QL70_FMwebp_.jpg,B0HDN7R95F.jpg,/content/data/images/B0HDN7R95F.jpg,232,300,0.7733333333333333,0.02716350555419922
B0C11C4WYN,https://m.media-amazon.com/images/I/61NaQzySDeL._AC_SX522_.jpg,B0C11C4WYN.jpg,/content/data/images/B0C11C4WYN.jpg,522,605,0.8628099173553719,0.05873584747314453
B0FWBVTYYP,https://m.media-amazon.com/images/I/719VuRNDsmL._AC_SY300_SX300_QL70_FMwebp_.jpg,B0FWBVTYYP.jpg,/content/data/images/B0FWBVTYYP.jpg,300,298,1.0067114093959733,0.047119140625
B0GRJ59M6Y,https://m.media-amazon.com/images/I/71KdVuqcf+L._AC_SX300_SY300_QL70_FMwebp_.jpg,B0GRJ59M6Y.jpg,/content/data/images/B0GRJ59M6Y.jpg,300,215,1.3953488372093024,0.029582977294921875
B0H99JJH7N,https://m.media-amazon.com/images/I/618RZsi8YNL._AC_SX425_.jpg,B0H99JJH7N.jpg,/content/data/images/B0H99JJH7N.jpg,425,358,1.187150837988827,0.039764404296875
B0C8171GTK,https://m.media-amazon.com/images/I/61s595ANBTL._AC_SX300_SY300_QL70_FMwebp_.jpg,B0C8171GTK.jpg,/content/data/images/B0C8171GTK.jpg,300,243,1.2345679012345678,0.032326698303222656
B0H3ZMJ6PR,https://m.media-amazon.com/images/I/71qtbtiayeL._AC_SY300_SX300_QL70_FMwebp_.jpg,B0H3ZMJ6PR.jpg,/content/data/images/B0H3ZMJ6PR.jpg,300,205,1.4634146341463414,0.024858474731445312
B0GX66CNNJ,https://m.media-amazon.com/images/I/71910zG0qmL._AC_SY300_SX300_QL70_FMwebp_.jpg,B0GX66CNNJ.jpg,/content/data/images/B0GX66CNNJ.jpg,300,234,1.2820512820512822,0.03841686248779297
B0FPDBC6KH,https://m.media-amazon.com/images/I/61GDSIP95XL._AC_SX425_.jpg,B0FPDBC6KH.jpg,/content/data/images/B0FPDBC6KH.jpg,425,403,1.054590570719603,0.018243789672851562
B0DVCBYMQY,https://m.media-amazon.com/images/I/61bKoTqjTZL._AC_SX425_.jpg,B0DVCBYMQY.jpg,/content/data/images/B0DVCBYMQY.jpg,425,307,1.3843648208469055,0.027770042419433594
B0DTVQN7KM,https://m.media-amazon.com/images/I/71DhTegVuPL._AC_SX425_.jpg,B0DTVQN7KM.jpg,/content/data/images/B0DTVQN7KM.jpg,425,253,1.6798418972332017,0.03076171875
B0GY16ZXZV,https://m.media-amazon.com/images/I/81+BAtgj4EL._AC_SY300_SX300_QL70_FMwebp_.jpg,B0GY16ZXZV.jpg,/content/data/images/B0GY16ZXZV.jpg,300,260,1.1538461538461537,0.037903785705566406
B0GJ7C5JFW,https://m.media-amazon.com/images/I/51i+cfNtstL._AC_SX425_.jpg,B0GJ7C5JFW.jpg,/content/data/images/B0GJ7C5JFW.jpg,425,264,1.6098484848484849,0.018586158752441406
B0GWVBWGJP,https://m.media-amazon.com/images/I/714sCRAohJL._AC_SX425_.jpg,B0GWVBWGJP.jpg,/content/data/images/B0GWVBWGJP.jpg,425,304,1.3980263157894737,0.05352210998535156
B0F53SQRH4,https://m.media-amazon.com/images/I/616jxxM4VLL._AC_SX425_.jpg,B0F53SQRH4.jpg,/content/data/images/B0F53SQRH4.jpg,425,287,1.480836236933798,0.035186767578125
B0FVXYDGK1,https://m.media-amazon.com/images/I/71CGaIVzGYL._AC_SY300_SX300_QL70_FMwebp_.jpg,B0FVXYDGK1.jpg,/content/data/images/B0FVXYDGK1.jpg,300,204,1.4705882352941178,0.027713775634765625
B09R6FNNS1,https://m.media-amazon.com/images/I/71d6CcN8Q5L._AC_SX425_.jpg,B09R6FNNS1.jpg,/content/data/images/B09R6FNNS1.jpg,425,273,1.5567765567765568,0.02774524688720703
B0H2LTLNM4,https://m.media-amazon.com/images/I/71pqGRKnIhL._AC_SX300_SY300_QL70_FMwebp_.jpg,B0H2LTLNM4.jpg,/content/data/images/B0H2LTLNM4.jpg,300,218,1.3761467889908257,0.03832244873046875
B0H1W34CLJ,https://m.media-amazon.com/images/I/719usdKJ+TL._AC_SY300_SX300_QL70_FMwebp_.jpg,B0H1W34CLJ.jpg,/content/data/images/B0H1W34CLJ.jpg,300,227,1.3215859030837005,0.030965805053710938
B08SHN3TZP,https://m.media-amazon.com/images/I/61zTekYPPRL._AC_SX425_.jpg,B08SHN3TZP.jpg,/content/data/images/B08SHN3TZP.jpg,425,256,1.66015625,0.025664329528808594
B0FS1V6XZD,https://m.media-amazon.com/images/I/71CaJNgo8TL._AC_SX425_.jpg,B0FS1V6XZD.jpg,/content/data/images/B0FS1V6XZD.jpg,425,381,1.1154855643044619,0.04133415222167969
B0D6PHQVSV,https://m.media-amazon.com/images/I/81iWt-wCcpL._AC_SX425_.jpg,B0D6PHQVSV.jpg,/content/data/images/B0D6PHQVSV.jpg,425,285,1.4912280701754386,0.06133079528808594
B09VRX9YVW,https://m.media-amazon.com/images/I/61MGsq1ZVaL._AC_SX425_.jpg,B09VRX9YVW.jpg,/content/data/images/B09VRX9YVW.jpg,425,289,1.4705882352941178,0.03145122528076172
B0GX57WX9B,https://m.media-amazon.com/images/I/7105Aszg7YL._AC_SY300_SX300_QL70_FMwebp_.jpg,B0GX57WX9B.jpg,/content/data/images/B0GX57WX9B.jpg,300,217,1.3824884792626728,0.033657073974609375
B0BRKPVZB4,https://m.media-amazon.com/images/I/8165VSHcJlL._AC_SY300_SX300_QL70_FMwebp_.jpg,B0BRKPVZB4.jpg,/content/data/images/B0BRKPVZB4.jpg,228,300,0.76,0.02689838409423828
B0DN2ZCZX6,https://m.media-amazon.com/images/I/81pM9-KLvqL._AC_SY300_SX300_QL70_FMwebp_.jpg,B0DN2ZCZX6.jpg,/content/data/images/B0DN2ZCZX6.jpg,300,186,1.6129032258064515,0.022840499877929688
B0CX1FRR27,https://m.media-amazon.com/images/I/91chDri2ibL._AC_SY300_SX300_QL70_FMwebp_.jpg,B0CX1FRR27.jpg,/content/data/images/B0CX1FRR27.jpg,260,300,0.8666666666666667,0.03543376922607422
B0FRRMD96F,https://m.media-amazon.com/images/I/51gFkzxWQtL._AC_SX300_SY300_QL70_FMwebp_.jpg,B0FRRMD96F.jpg,/content/data/images/B0FRRMD96F.jpg,300,148,2.027027027027027,0.018421173095703125
B08FDPW8KR,https://m.media-amazon.com/images/I/81-YRA6tQqL._AC_SY300_SX300_QL70_FMwebp_.jpg,B08FDPW8KR.jpg,/content/data/images/B08FDPW8KR.jpg,292,300,0.9733333333333334,0.045912742614746094
B0CQ53RVTW,https://m.media-amazon.com/images/I/814-mkjVVcL._AC_SY300_SX300_QL70_FMwebp_.jpg,B0CQ53RVTW.jpg,/content/data/images/B0CQ53RVTW.jpg,300,216,1.3888888888888888,0.03530597686767578
B0HDN8K6GB,https://m.media-amazon.com/images/I/71PH8ZuwfPL._AC_SY300_SX300_QL70_FMwebp_.jpg,B0HDN8K6GB.jpg,/content/data/images/B0HDN8K6GB.jpg,263,300,0.8766666666666667,0.03010845184326172
B09MFBNTG3,https://m.media-amazon.com/images/I/81Xi7TgdkTL._AC_SY300_SX300_QL70_FMwebp_.jpg,B09MFBNTG3.jpg,/content/data/images/B09MFBNTG3.jpg,300,206,1.4563106796116505,0.02712535858154297
B0H87CHKQD,https://m.media-amazon.com/images/I/71pCA6IrJwL._AC_SY300_SX300_QL70_FMwebp_.jpg,B0H87CHKQD.jpg,/content/data/images/B0H87CHKQD.jpg,294,300,0.98,0.039254188537597656
B0D6W8GSL3,https://m.media-amazon.com/images/I/71Go8gFtXXL._AC_SX425_.jpg,B0D6W8GSL3.jpg,/content/data/images/B0D6W8GSL3.jpg,425,312,1.3621794871794872,0.04375743865966797
B0H7X6X3CR,https://m.media-amazon.com/images/I/81il2Sd9cDL._AC_SY300_SX300_QL70_FMwebp_.jpg,B0H7X6X3CR.jpg,/content/data/images/B0H7X6X3CR.jpg,300,141,2.127659574468085,0.02370929718017578
B0DK1MQ4GP,https://m.media-amazon.com/images/I/71HvI7cb4gL._AC_SX425_.jpg,B0DK1MQ4GP.jpg,/content/data/images/B0DK1MQ4GP.jpg,425,195,2.1794871794871793,0.020387649536132812
B0D6WD2QSQ,https://m.media-amazon.com/images/I/7192Qca-fUL._AC_SX425_.jpg,B0D6WD2QSQ.jpg,/content/data/images/B0D6WD2QSQ.jpg,425,312,1.3621794871794872,0.039359092712402344
B07CVPZJTV,https://m.media-amazon.com/images/I/71Tj1qrQUkL._AC_SY300_SX300_QL70_FMwebp_.jpg,B07CVPZJTV.jpg,/content/data/images/B07CVPZJTV.jpg,300,149,2.0134228187919465,0.021726608276367188
B0GHY121Z1,https://m.media-amazon.com/images/I/81a5v5pywLL._AC_SX425_.jpg,B0GHY121Z1.jpg,/content/data/images/B0GHY121Z1.jpg,425,350,1.2142857142857142,0.06202220916748047
B0GHYJ7BS9,https://m.media-amazon.com/images/I/716d1HFuLLL._AC_SX425_.jpg,B0GHYJ7BS9.jpg,/content/data/images/B0GHYJ7BS9.jpg,425,350,1.2142857142857142,0.04987812042236328
B0FK9Z871N,https://m.media-amazon.com/images/I/81FptlPilVL._AC_SX569_.jpg,B0FK9Z871N.jpg,/content/data/images/B0FK9Z871N.jpg,569,568,1.0017605633802817,0.11000251770019531
B0CYNVKF7N,https://m.media-amazon.com/images/I/71yZcJddXGL._AC_SX569_.jpg,B0CYNVKF7N.jpg,/content/data/images/B0CYNVKF7N.jpg,569,657,0.8660578386605784,0.09032154083251953
B0CN94Z17S,https://m.media-amazon.com/images/I/81T4cFHv-lL._AC_SY300_SX300_QL70_FMwebp_.jpg,B0CN94Z17S.jpg,/content/data/images/B0CN94Z17S.jpg,297,300,0.99,0.03477001190185547
B0BB6FTKPS,https://m.media-amazon.com/images/I/81Z6I3CLPcL._AC_SY300_SX300_QL70_FMwebp_.jpg,B0BB6FTKPS.jpg,/content/data/images/B0BB6FTKPS.jpg,298,300,0.9933333333333333,0.036154747009277344
B0C1YBPJ43,https://m.media-amazon.com/images/I/61TheuxRpFL._AC_SX569_.jpg,B0C1YBPJ43.jpg,/content/data/images/B0C1YBPJ43.jpg,569,702,0.8105413105413105,0.056412696838378906
B00GHX5HGG,https://m.media-amazon.com/images/I/818cqLa7VWL._AC_SY300_SX300_QL70_FMwebp_.jpg,B00GHX5HGG.jpg,/content/data/images/B00GHX5HGG.jpg,240,300,0.8,0.029112815856933594
B0G8HTRKQG,https://m.media-amazon.com/images/I/71pXCyJvKNL._AC_SX569_.jpg,B0G8HTRKQG.jpg,/content/data/images/B0G8HTRKQG.jpg,569,624,0.9118589743589743,0.06234169006347656
B0F3KWZQ61,https://m.media-amazon.com/images/I/81JiJW5Wu9L._AC_SX569_.jpg,B0F3KWZQ61.jpg,/content/data/images/B0F3KWZQ61.jpg,569,713,0.7980364656381487,0.08524131774902344
B0DYP3J5BW,https://m.media-amazon.com/images/I/61vAZDtm1DL._AC_SY300_SX300_QL70_FMwebp_.jpg,B0DYP3J5BW.jpg,/content/data/images/B0DYP3J5BW.jpg,232,300,0.7733333333333333,0.02422332763671875
B0GTV7FZJT,https://m.media-amazon.com/images/I/81sqF-dqo3L._AC_SX569_.jpg,B0GTV7FZJT.jpg,/content/data/images/B0GTV7FZJT.jpg,569,616,0.9237012987012987,0.08433341979980469
B0BKH3TKKZ,https://m.media-amazon.com/images/I/81DTl-FWV8L._AC_SX300_SY300_QL70_FMwebp_.jpg,B0BKH3TKKZ.jpg,/content/data/images/B0BKH3TKKZ.jpg,300,246,1.2195121951219512,0.03577136993408203
B09ZKV7354,https://m.media-amazon.com/images/I/819hHbA35GL._AC_SY300_SX300_QL70_FMwebp_.jpg,B09ZKV7354.jpg,/content/data/images/B09ZKV7354.jpg,300,300,1.0,0.0453643798828125
B0FCZY644W,https://m.media-amazon.com/images/I/61DZbXw6I0L._AC_SX569_.jpg,B0FCZY644W.jpg,/content/data/images/B0FCZY644W.jpg,569,376,1.5132978723404256,0.0341796875
B0GCJQ4Z51,https://m.media-amazon.com/images/I/61Nb4LzuevL._AC_SY879_.jpg,B0GCJQ4Z51.jpg,/content/data/images/B0GCJQ4Z51.jpg,502,879,0.571103526734926,0.060894012451171875
B0C3TS5MV1,https://m.media-amazon.com/images/I/71iF-HkmvgL._AC_SY300_SX300_QL70_FMwebp_.jpg,B0C3TS5MV1.jpg,/content/data/images/B0C3TS5MV1.jpg,300,296,1.0135135135135136,0.041718482971191406
B01ALYD1WI,https://m.media-amazon.com/images/I/71nBjQO0b-L._AC_SY879_.jpg,B01ALYD1WI.jpg,/content/data/images/B01ALYD1WI.jpg,625,879,0.7110352673492605,0.10581016540527344
B0CWRCCFTM,https://m.media-amazon.com/images/I/7150xxQDqDL._AC_SX569_.jpg,B0CWRCCFTM.jpg,/content/data/images/B0CWRCCFTM.jpg,569,687,0.8282387190684134,0.06357860565185547
B0CP5QXC1H,https://m.media-amazon.com/images/I/81NuDZfC+-L._AC_SY741_.jpg,B0CP5QXC1H.jpg,/content/data/images/B0CP5QXC1H.jpg,547,741,0.738191632928475,0.11248970031738281
B0FDQ6SLSF,https://m.media-amazon.com/images/I/71AHLW+lMfL._AC_SY300_SX300_QL70_FMwebp_.jpg,B0FDQ6SLSF.jpg,/content/data/images/B0FDQ6SLSF.jpg,230,300,0.7666666666666667,0.02666187286376953
B0FV8J9YT2,https://m.media-amazon.com/images/I/71BBD8lBw1L._AC_SY300_SX300_QL70_FMwebp_.jpg,B0FV8J9YT2.jpg,/content/data/images/B0FV8J9YT2.jpg,286,300,0.9533333333333334,0.03508758544921875
B0H69Z4DWC,https://m.media-amazon.com/images/I/71x4nEKkNyL._AC_SY300_SX300_QL70_FMwebp_.jpg,B0H69Z4DWC.jpg,/content/data/images/B0H69Z4DWC.jpg,288,300,0.96,0.03223419189453125
B0GVYG8Q4B,https://m.media-amazon.com/images/I/81gHv3NLODL._AC_SY300_SX300_QL70_FMwebp_.jpg,B0GVYG8Q4B.jpg,/content/data/images/B0GVYG8Q4B.jpg,297,300,0.99,0.040131568908691406
B0H45CW221,https://m.media-amazon.com/images/I/71pnOXyY8vL._AC_SY300_SX300_QL70_FMwebp_.jpg,B0H45CW221.jpg,/content/data/images/B0H45CW221.jpg,300,295,1.0169491525423728,0.029537200927734375
B0G4LV352H,https://m.media-amazon.com/images/I/71w6dB7tJvL._AC_SX569_.jpg,B0G4LV352H.jpg,/content/data/images/B0G4LV352H.jpg,569,573,0.9930191972076788,0.059174537658691406
B0GK19NTQP,https://m.media-amazon.com/images/I/81KDdsyQk3L._AC_SX569_.jpg,B0GK19NTQP.jpg,/content/data/images/B0GK19NTQP.jpg,569,566,1.0053003533568905,0.08629226684570312
B00R3Z49G6,https://m.media-amazon.com/images/I/810IjwSOWZL._AC_SY879_.jpg,B00R3Z49G6.jpg,/content/data/images/B00R3Z49G6.jpg,589,879,0.6700796359499431,0.10284709930419922
B0BNJWWR3S,https://m.media-amazon.com/images/I/51Sz3M0f02L._AC_SX569_.jpg,B0BNJWWR3S.jpg,/content/data/images/B0BNJWWR3S.jpg,569,790,0.720253164556962,0.07444381713867188
B00GIBKC3K,https://m.media-amazon.com/images/I/61lgS4vgL4L._AC_SY300_SX300_QL70_FMwebp_.jpg,B00GIBKC3K.jpg,/content/data/images/B00GIBKC3K.jpg,249,300,0.83,0.02022838592529297
B09HCX9BTV,https://m.media-amazon.com/images/I/51O7GDsNvzL._AC_SY300_SX300_QL70_FMwebp_.jpg,B09HCX9BTV.jpg,/content/data/images/B09HCX9BTV.jpg,300,277,1.0830324909747293,0.027927398681640625
B08VJLYQ5D,https://m.media-amazon.com/images/I/71-xEqc50OL._SX425_.jpg,B08VJLYQ5D.jpg,/content/data/images/B08VJLYQ5D.jpg,425,425,1.0,0.02960491180419922
B0CRH87MK9,https://m.media-amazon.com/images/I/71c9b5loaVL._AC_SY741_.jpg,B0CRH87MK9.jpg,/content/data/images/B0CRH87MK9.jpg,559,741,0.7543859649122807,0.08702373504638672
B0G5GGC7FP,https://m.media-amazon.com/images/I/71+gpFX6nxL._AC_SX569_.jpg,B0G5GGC7FP.jpg,/content/data/images/B0G5GGC7FP.jpg,569,616,0.9237012987012987,0.09922981262207031
B0G8HSMYJJ,https://m.media-amazon.com/images/I/71WsoL7l2wL._AC_SX569_.jpg,B0G8HSMYJJ.jpg,/content/data/images/B0G8HSMYJJ.jpg,569,567,1.0035273368606703,0.047249794006347656
B0DBJSS5LD,https://m.media-amazon.com/images/I/81nRNUfTxSL._AC_SX569_.jpg,B0DBJSS5LD.jpg,/content/data/images/B0DBJSS5LD.jpg,569,847,0.6717827626918536,0.11030292510986328
B0DFZG4CR3,https://m.media-amazon.com/images/I/61e4Q5armPL._AC_SY300_SX300_QL70_FMwebp_.jpg,B0DFZG4CR3.jpg,/content/data/images/B0DFZG4CR3.jpg,197,300,0.6566666666666666,0.025002479553222656
B007RWD11Y,https://m.media-amazon.com/images/I/61UtunT1dpL._AC_SY879_.jpg,B007RWD11Y.jpg,/content/data/images/B007RWD11Y.jpg,502,879,0.571103526734926,0.06708526611328125
B0BW91HX7D,https://m.media-amazon.com/images/I/61Ed5NPvpDL._AC_SX569_.jpg,B0BW91HX7D.jpg,/content/data/images/B0BW91HX7D.jpg,569,650,0.8753846153846154,0.06411457061767578
B0C4T1PBM6,https://m.media-amazon.com/images/I/71MN47FMnRL._AC_SX569_.jpg,B0C4T1PBM6.jpg,/content/data/images/B0C4T1PBM6.jpg,569,821,0.6930572472594397,0.08726978302001953
B0GQGJ4YF5,https://m.media-amazon.com/images/I/71VSKoX2lRL._AC_SY300_SX300_QL70_FMwebp_.jpg,B0GQGJ4YF5.jpg,/content/data/images/B0GQGJ4YF5.jpg,269,300,0.8966666666666666,0.03669166564941406
B0DB4W8FB1,https://m.media-amazon.com/images/I/815BeI+xFSL._AC_SX569_.jpg,B0DB4W8FB1.jpg,/content/data/images/B0DB4W8FB1.jpg,569,600,0.9483333333333334,0.109283447265625
B0FM83SLTL,https://m.media-amazon.com/images/I/61SEb78XnHL._AC_SY300_SX300_QL70_FMwebp_.jpg,B0FM83SLTL.jpg,/content/data/images/B0FM83SLTL.jpg,263,300,0.8766666666666667,0.026958465576171875
B09GBBMTNS,https://m.media-amazon.com/images/I/71PWBHA3ZoL._AC_SY300_SX300_QL70_FMwebp_.jpg,B09GBBMTNS.jpg,/content/data/images/B09GBBMTNS.jpg,293,300,0.9766666666666667,0.030463218688964844
B073J61P62,https://m.media-amazon.com/images/I/716jH0fxYRL._AC_SX569_.jpg,B073J61P62.jpg,/content/data/images/B073J61P62.jpg,569,592,0.9611486486486487,0.0817575454711914
B09B7R3SY7,https://m.media-amazon.com/images/I/81VpTfEDihL._AC_SX569_.jpg,B09B7R3SY7.jpg,/content/data/images/B09B7R3SY7.jpg,569,610,0.9327868852459016,0.09035968780517578
B0BFQLRHTJ,https://m.media-amazon.com/images/I/71Aws0iQCrL._AC_SY300_SX300_QL70_FMwebp_.jpg,B0BFQLRHTJ.jpg,/content/data/images/B0BFQLRHTJ.jpg,189,300,0.63,0.028367996215820312
B01B3GARVG,https://m.media-amazon.com/images/I/71iB-QmRWEL._AC_SY879_.jpg,B01B3GARVG.jpg,/content/data/images/B01B3GARVG.jpg,510,879,0.5802047781569966,0.08804130554199219
B0GK6Q7H3W,https://m.media-amazon.com/images/I/71lMciG3s7L._AC_SX569_.jpg,B0GK6Q7H3W.jpg,/content/data/images/B0GK6Q7H3W.jpg,569,570,0.9982456140350877,0.08600902557373047
B0C6QKW4SM,https://m.media-amazon.com/images/I/71ojVSlWIiL._AC_SY300_SX300_QL70_FMwebp_.jpg,B0C6QKW4SM.jpg,/content/data/images/B0C6QKW4SM.jpg,300,300,1.0,0.04132843017578125
B09Q5KPFXM,https://m.media-amazon.com/images/I/718iZVcnVEL._AC_SY300_SX300_QL70_FMwebp_.jpg,B09Q5KPFXM.jpg,/content/data/images/B09Q5KPFXM.jpg,263,300,0.8766666666666667,0.035012245178222656
B0C9LP36Q5,https://m.media-amazon.com/images/I/81dz0YPJsNL._AC_SY300_SX300_QL70_FMwebp_.jpg,B0C9LP36Q5.jpg,/content/data/images/B0C9LP36Q5.jpg,269,300,0.8966666666666666,0.04225444793701172
B09BQSYYHC,https://m.media-amazon.com/images/I/61T2aFsxxwL._AC_SX569_.jpg,B09BQSYYHC.jpg,/content/data/images/B09BQSYYHC.jpg,569,569,1.0,0.09888362884521484
B0GC9RJQT1,https://m.media-amazon.com/images/I/81nY9xOIO1L._AC_SX569_.jpg,B0GC9RJQT1.jpg,/content/data/images/B0GC9RJQT1.jpg,569,568,1.0017605633802817,0.07167530059814453
B09B7WRM8P,https://m.media-amazon.com/images/I/71z8p83xBFL._AC_SX569_.jpg,B09B7WRM8P.jpg,/content/data/images/B09B7WRM8P.jpg,569,654,0.8700305810397554,0.07366371154785156
B0FXX4Q21N,https://m.media-amazon.com/images/I/719NmJBj4pL._AC_SY300_SX300_QL70_FMwebp_.jpg,B0FXX4Q21N.jpg,/content/data/images/B0FXX4Q21N.jpg,196,300,0.6533333333333333,0.02098560333251953
B0H2NBJ2RN,https://m.media-amazon.com/images/I/71BM9eZOr7L._AC_SX569_.jpg,B0H2NBJ2RN.jpg,/content/data/images/B0H2NBJ2RN.jpg,569,687,0.8282387190684134,0.05766773223876953
B0HC7CLS4G,https://m.media-amazon.com/images/I/71DH8KvrcCL._AC_SY300_SX300_QL70_FMwebp_.jpg,B0HC7CLS4G.jpg,/content/data/images/B0HC7CLS4G.jpg,261,300,0.87,0.02692127227783203
B0D9B96TBX,https://m.media-amazon.com/images/I/714bnp4jQrL._AC_SY300_SX300_QL70_FMwebp_.jpg,B0D9B96TBX.jpg,/content/data/images/B0D9B96TBX.jpg,299,300,0.9966666666666667,0.027220726013183594
B0DB7Y69T4,https://m.media-amazon.com/images/I/71oRxbpOckL._AC_SX569_.jpg,B0DB7Y69T4.jpg,/content/data/images/B0DB7Y69T4.jpg,569,806,0.705955334987593,0.07702255249023438
B0FDR5YWM6,https://m.media-amazon.com/images/I/61vq1Lgip6L._AC_SX569_.jpg,B0FDR5YWM6.jpg,/content/data/images/B0FDR5YWM6.jpg,569,821,0.6930572472594397,0.07419013977050781
B07C2Z21X5,https://m.media-amazon.com/images/I/714hINuPoBL._AC_SY300_SX300_QL70_FMwebp_.jpg,B07C2Z21X5.jpg,/content/data/images/B07C2Z21X5.jpg,300,262,1.1450381679389312,0.036457061767578125
B0101RW3QK,https://m.media-amazon.com/images/I/71fwaCdTjYL._AC_SX300_SY300_QL70_FMwebp_.jpg,B0101RW3QK.jpg,/content/data/images/B0101RW3QK.jpg,300,236,1.271186440677966,0.026683807373046875
B07PZZ1QBW,https://m.media-amazon.com/images/I/71y5JECY3fL._AC_SX300_SY300_QL70_FMwebp_.jpg,B07PZZ1QBW.jpg,/content/data/images/B07PZZ1QBW.jpg,300,264,1.1363636363636365,0.03797626495361328
B07PCSKGP7,https://m.media-amazon.com/images/I/71gkrcbe8-L._AC_SY300_SX300_QL70_FMwebp_.jpg,B07PCSKGP7.jpg,/content/data/images/B07PCSKGP7.jpg,300,300,1.0,0.05201435089111328
B06Y5RTN1T,https://m.media-amazon.com/images/I/71HzYhwABXL._AC_SY300_SX300_QL70_FMwebp_.jpg,B06Y5RTN1T.jpg,/content/data/images/B06Y5RTN1T.jpg,300,282,1.0638297872340425,0.03955364227294922
B0BHJNWD1Z,https://m.media-amazon.com/images/I/81p+14yS5jS._AC_SY300_SX300_QL70_FMwebp_.jpg,B0BHJNWD1Z.jpg,/content/data/images/B0BHJNWD1Z.jpg,300,298,1.0067114093959733,0.054549217224121094
B0C5PGRP7V,https://m.media-amazon.com/images/I/71edZl9AfcL._AC_SX300_SY300_QL70_FMwebp_.jpg,B0C5PGRP7V.jpg,/content/data/images/B0C5PGRP7V.jpg,300,224,1.3392857142857142,0.03403472900390625
B0B9BLHWB8,https://m.media-amazon.com/images/I/7127mWGA51L._AC_SY300_SX300_QL70_FMwebp_.jpg,B0B9BLHWB8.jpg,/content/data/images/B0B9BLHWB8.jpg,300,231,1.2987012987012987,0.031250953674316406
B06XNTPN8C,https://m.media-amazon.com/images/I/61d1mKB5PAL._AC_SY300_SX300_QL70_FMwebp_.jpg,B06XNTPN8C.jpg,/content/data/images/B06XNTPN8C.jpg,300,276,1.0869565217391304,0.037491798400878906
B0BDGC8SM5,"https://m.media-amazon.com/images/I/71L5h0c0WxL._AC_SX425_PIbundle-2,TopRight,0,0_SH20_.jpg",B0BDGC8SM5.jpg,/content/data/images/B0BDGC8SM5.jpg,425,324,1.3117283950617284,0.04774761199951172
B007VGGFZU,https://m.media-amazon.com/images/I/71-E8n1gZcL._AC_SY300_SX300_QL70_FMwebp_.jpg,B007VGGFZU.jpg,/content/data/images/B007VGGFZU.jpg,300,237,1.2658227848101267,0.030393600463867188
B09ZRN1N3Z,https://m.media-amazon.com/images/I/81swjZCbdiL._AC_SY300_SX300_QL70_FMwebp_.jpg,B09ZRN1N3Z.jpg,/content/data/images/B09ZRN1N3Z.jpg,300,226,1.3274336283185841,0.026088714599609375
B0BLLCJ963,https://m.media-amazon.com/images/I/81C9A0E+8TL._AC_SX425_.jpg,B0BLLCJ963.jpg,/content/data/images/B0BLLCJ963.jpg,425,334,1.2724550898203593,0.04387187957763672
B0C7Y8NKV2,https://m.media-amazon.com/images/I/914SKex29LL._AC_SY300_SX300_QL70_FMwebp_.jpg,B0C7Y8NKV2.jpg,/content/data/images/B0C7Y8NKV2.jpg,300,299,1.0033444816053512,0.056387901306152344
B0BT5ZCVSP,https://m.media-amazon.com/images/I/815opArtv4L._AC_SY300_SX300_QL70_FMwebp_.jpg,B0BT5ZCVSP.jpg,/content/data/images/B0BT5ZCVSP.jpg,300,300,1.0,0.05288887023925781
B0G34ZDPLC,https://m.media-amazon.com/images/I/7110V1uxmaL._AC_SY300_SX300_QL70_FMwebp_.jpg,B0G34ZDPLC.jpg,/content/data/images/B0G34ZDPLC.jpg,300,300,1.0,0.048569679260253906
B01GJOMWVA,https://m.media-amazon.com/images/I/61Rdl5C2AHL._AC_SY879_.jpg,B01GJOMWVA.jpg,/content/data/images/B01GJOMWVA.jpg,469,879,0.5335608646188851,0.07341480255126953
B07S98411N,https://m.media-amazon.com/images/I/81+HcYgDo1L._AC_SY300_SX300_QL70_FMwebp_.jpg,B07S98411N.jpg,/content/data/images/B07S98411N.jpg,246,300,0.82,0.025634765625
B09715G57M,https://m.media-amazon.com/images/I/71xuVr0CPbL._AC_SX569_.jpg,B09715G57M.jpg,/content/data/images/B09715G57M.jpg,569,912,0.6239035087719298,0.06569862365722656
B07684BPLB,https://m.media-amazon.com/images/I/7174mXtDxyL._AC_SX569_.jpg,B07684BPLB.jpg,/content/data/images/B07684BPLB.jpg,569,749,0.7596795727636849,0.06260204315185547
B0D8LXRHQ8,https://m.media-amazon.com/images/I/717849a6v+L._AC_SX569_.jpg,B0D8LXRHQ8.jpg,/content/data/images/B0D8LXRHQ8.jpg,569,604,0.9420529801324503,0.05660724639892578
B00MVWGQX0,https://m.media-amazon.com/images/I/71io+Gh4ApL._AC_SY879_.jpg,B00MVWGQX0.jpg,/content/data/images/B00MVWGQX0.jpg,457,879,0.5199089874857793,0.07384204864501953
B0CR6BWHQN,https://m.media-amazon.com/images/I/616+XB2e0JL._AC_SY300_SX300_QL70_FMwebp_.jpg,B0CR6BWHQN.jpg,/content/data/images/B0CR6BWHQN.jpg,232,300,0.7733333333333333,0.022924423217773438
B0C8B9V7HR,https://m.media-amazon.com/images/I/51r-kXmr2jL._AC_SY879_.jpg,B0C8B9V7HR.jpg,/content/data/images/B0C8B9V7HR.jpg,653,879,0.7428896473265074,0.07117271423339844
B0GQBYVN9W,https://m.media-amazon.com/images/I/71XAHTTplRL._AC_SX569_.jpg,B0GQBYVN9W.jpg,/content/data/images/B0GQBYVN9W.jpg,569,437,1.3020594965675056,0.046062469482421875
B0FMTSRKYL,https://m.media-amazon.com/images/I/618D34n8gLL._AC_SY300_SX300_QL70_FMwebp_.jpg,B0FMTSRKYL.jpg,/content/data/images/B0FMTSRKYL.jpg,144,300,0.48,0.013017654418945312
B0GGLXDQM8,https://m.media-amazon.com/images/I/71VX7oQSRIL._AC_SX569_.jpg,B0GGLXDQM8.jpg,/content/data/images/B0GGLXDQM8.jpg,569,940,0.6053191489361702,0.0839242935180664
B0FHSC6SPM,https://m.media-amazon.com/images/I/61VCnNtkxtL._AC_SX569_.jpg,B0FHSC6SPM.jpg,/content/data/images/B0FHSC6SPM.jpg,569,910,0.6252747252747253,0.06285381317138672
B0H6M2J4GK,https://m.media-amazon.com/images/I/71nf2X+qSaL._AC_SY300_SX300_QL70_FMwebp_.jpg,B0H6M2J4GK.jpg,/content/data/images/B0H6M2J4GK.jpg,299,300,0.9966666666666667,0.029723167419433594
B0D9QFRJMX,https://m.media-amazon.com/images/I/71VPt3SUBoL._AC_SX569_.jpg,B0D9QFRJMX.jpg,/content/data/images/B0D9QFRJMX.jpg,569,674,0.844213649851632,0.055782318115234375
B0892TW82K,https://m.media-amazon.com/images/I/61sG7DQyMGL._AC_SY300_SX300_QL70_FMwebp_.jpg,B0892TW82K.jpg,/content/data/images/B0892TW82K.jpg,196,300,0.6533333333333333,0.018286705017089844
B078NN17K3,https://m.media-amazon.com/images/I/71VYhXhTJ7L._AC_SY300_SX300_QL70_FMwebp_.jpg,B078NN17K3.jpg,/content/data/images/B078NN17K3.jpg,206,300,0.6866666666666666,0.02317047119140625
B0CT43D46H,https://m.media-amazon.com/images/I/61ZfVRJwPOL._AC_SX569_.jpg,B0CT43D46H.jpg,/content/data/images/B0CT43D46H.jpg,569,911,0.6245883644346871,0.05950927734375
B0D45PK5V4,https://m.media-amazon.com/images/I/61D9GtphxuL._AC_SX569_.jpg,B0D45PK5V4.jpg,/content/data/images/B0D45PK5V4.jpg,569,441,1.290249433106576,0.053597450256347656
B002YI2IG0,https://m.media-amazon.com/images/I/71LB1AbsorL._AC_SX569_.jpg,B002YI2IG0.jpg,/content/data/images/B002YI2IG0.jpg,569,835,0.681437125748503,0.0748291015625
B00CH9QWOU,https://m.media-amazon.com/images/I/71BvCt6eAFL._SX425_.jpg,B00CH9QWOU.jpg,/content/data/images/B00CH9QWOU.jpg,425,425,1.0,0.029913902282714844
B0CZQCTD4K,https://m.media-amazon.com/images/I/71Ww8pUBP4L._AC_SX569_.jpg,B0CZQCTD4K.jpg,/content/data/images/B0CZQCTD4K.jpg,569,748,0.7606951871657754,0.0650320053100586
B08QD33PZ2,https://m.media-amazon.com/images/I/61PRRg0wxqL._AC_SX569_.jpg,B08QD33PZ2.jpg,/content/data/images/B08QD33PZ2.jpg,569,1029,0.5529640427599611,0.07462501525878906
B0BM3C13B6,https://m.media-amazon.com/images/I/71VrdDpSW-L._AC_SY879_.jpg,B0BM3C13B6.jpg,/content/data/images/B0BM3C13B6.jpg,593,879,0.6746302616609784,0.0890817642211914
B0CSDRZSGG,https://m.media-amazon.com/images/I/71skjKYoU5L._AC_SX522_.jpg,B0CSDRZSGG.jpg,/content/data/images/B0CSDRZSGG.jpg,522,348,1.5,0.03515338897705078
B0DPNJVG1Z,https://m.media-amazon.com/images/I/61oRGU+ZhyL._AC_SX569_.jpg,B0DPNJVG1Z.jpg,/content/data/images/B0DPNJVG1Z.jpg,569,839,0.6781883194278904,0.057280540466308594
B00EI7DPPI,https://m.media-amazon.com/images/I/71N2-+T50pL._AC_SX569_.jpg,B00EI7DPPI.jpg,/content/data/images/B00EI7DPPI.jpg,569,449,1.2672605790645879,0.05327606201171875
B018UQ5AMS,https://m.media-amazon.com/images/I/61wQb8IB8UL._AC_SX569_.jpg,B018UQ5AMS.jpg,/content/data/images/B018UQ5AMS.jpg,569,814,0.699017199017199,0.059024810791015625
B0DJFBF3SH,https://m.media-amazon.com/images/I/71xyn9-4cAL._AC_SY300_SX300_QL70_FMwebp_.jpg,B0DJFBF3SH.jpg,/content/data/images/B0DJFBF3SH.jpg,300,280,1.0714285714285714,0.022935867309570312
B0C2JK9Y8V,https://m.media-amazon.com/images/I/71W0vqx7jXS._AC_SX569_.jpg,B0C2JK9Y8V.jpg,/content/data/images/B0C2JK9Y8V.jpg,569,771,0.7380025940337225,0.07925128936767578
B0DHCJDJBW,https://m.media-amazon.com/images/I/71g32Ncg7ML._AC_SY300_SX300_QL70_FMwebp_.jpg,B0DHCJDJBW.jpg,/content/data/images/B0DHCJDJBW.jpg,291,300,0.97,0.028535842895507812
B0FMSTSYL7,https://m.media-amazon.com/images/I/61FrE0tj9OL._AC_SY300_SX300_QL70_FMwebp_.jpg,B0FMSTSYL7.jpg,/content/data/images/B0FMSTSYL7.jpg,144,300,0.48,0.012816429138183594
B07PFLM2LK,https://m.media-amazon.com/images/I/71ajYOuoNPL._AC_SX522_.jpg,B07PFLM2LK.jpg,/content/data/images/B07PFLM2LK.jpg,522,333,1.5675675675675675,0.04394721984863281
B077K9YW7D,https://m.media-amazon.com/images/I/61HzF-joRmL._AC_SY879_.jpg,B077K9YW7D.jpg,/content/data/images/B077K9YW7D.jpg,468,879,0.5324232081911263,0.06491565704345703
B01N6T5QNO,https://m.media-amazon.com/images/I/71-BocTmDOL._AC_SX569_.jpg,B01N6T5QNO.jpg,/content/data/images/B01N6T5QNO.jpg,569,938,0.6066098081023454,0.114959716796875
B01GJOMWYC,https://m.media-amazon.com/images/I/615TaFOsnAL._AC_SX569_.jpg,B01GJOMWYC.jpg,/content/data/images/B01GJOMWYC.jpg,569,573,0.9930191972076788,0.0391693115234375
B0892V8JT8,https://m.media-amazon.com/images/I/61YNe8m7KVL._AC_SY300_SX300_QL70_FMwebp_.jpg,B0892V8JT8.jpg,/content/data/images/B0892V8JT8.jpg,195,300,0.65,0.01795673370361328
B09X3WGJ3R,https://m.media-amazon.com/images/I/617U+hSCJEL._AC_SY300_SX300_QL70_FMwebp_.jpg,B09X3WGJ3R.jpg,/content/data/images/B09X3WGJ3R.jpg,220,300,0.7333333333333333,0.02606678009033203
B0F5JFTR1Q,https://m.media-amazon.com/images/I/71fx04bg6lL._AC_SY300_SX300_QL70_FMwebp_.jpg,B0F5JFTR1Q.jpg,/content/data/images/B0F5JFTR1Q.jpg,300,193,1.5544041450777202,0.019742965698242188
B0FTZZYP24,https://m.media-amazon.com/images/I/71DHVV6+0mL._AC_SY300_SX300_QL70_FMwebp_.jpg,B0FTZZYP24.jpg,/content/data/images/B0FTZZYP24.jpg,292,300,0.9733333333333334,0.028993606567382812
B0HFJBR6NM,https://m.media-amazon.com/images/I/71jhImnVKoL._AC_SY300_SX300_QL70_FMwebp_.jpg,B0HFJBR6NM.jpg,/content/data/images/B0HFJBR6NM.jpg,299,300,0.9966666666666667,0.033405303955078125
B0G6NCZ3WK,https://m.media-amazon.com/images/I/61AzCxr1j0L._AC_SY300_SX300_QL70_FMwebp_.jpg,B0G6NCZ3WK.jpg,/content/data/images/B0G6NCZ3WK.jpg,144,300,0.48,0.011810302734375
B00DWKEHU4,https://m.media-amazon.com/images/I/71J+8j1upTL._AC_SX569_.jpg,B00DWKEHU4.jpg,/content/data/images/B00DWKEHU4.jpg,569,836,0.680622009569378,0.0675973892211914
B00AF7WUO2,https://m.media-amazon.com/images/I/71wXc3JZE3L._AC_SY300_SX300_QL70_FMwebp_.jpg,B00AF7WUO2.jpg,/content/data/images/B00AF7WUO2.jpg,206,300,0.6866666666666666,0.020508766174316406
B0FFN4JDNP,https://m.media-amazon.com/images/I/717GVSR3XzL._AC_SY300_SX300_QL70_FMwebp_.jpg,B0FFN4JDNP.jpg,/content/data/images/B0FFN4JDNP.jpg,283,300,0.9433333333333334,0.033080101013183594
B0DR31TG5X,https://m.media-amazon.com/images/I/61wpx+nJr2L._AC_SX569_.jpg,B0DR31TG5X.jpg,/content/data/images/B0DR31TG5X.jpg,569,610,0.9327868852459016,0.054340362548828125
B078WMLXXG,https://m.media-amazon.com/images/I/71zWmCnDvBL._AC_SY300_SX300_QL70_FMwebp_.jpg,B078WMLXXG.jpg,/content/data/images/B078WMLXXG.jpg,242,300,0.8066666666666666,0.02631378173828125
B0B41D4PR1,https://m.media-amazon.com/images/I/71BXmTHyxzL._AC_SX569_.jpg,B0B41D4PR1.jpg,/content/data/images/B0B41D4PR1.jpg,569,697,0.8163558106169297,0.0436859130859375
B000FFRZ26,https://m.media-amazon.com/images/I/61c-0mF4CjL._AC_SX569_.jpg,B000FFRZ26.jpg,/content/data/images/B000FFRZ26.jpg,569,874,0.6510297482837528,0.06889915466308594
B0H6SD9317,https://m.media-amazon.com/images/I/71TaGjt56ML._AC_SY300_SX300_QL70_FMwebp_.jpg,B0H6SD9317.jpg,/content/data/images/B0H6SD9317.jpg,262,300,0.8733333333333333,0.030885696411132812
B0H49HVCPW,https://m.media-amazon.com/images/I/61rZSVR2pdL._AC_SY300_SX300_QL70_FMwebp_.jpg,B0H49HVCPW.jpg,/content/data/images/B0H49HVCPW.jpg,185,300,0.6166666666666667,0.02146148681640625
B0H82WWZ1D,https://m.media-amazon.com/images/I/61dy1CH-2WL._AC_SY300_SX300_QL70_FMwebp_.jpg,B0H82WWZ1D.jpg,/content/data/images/B0H82WWZ1D.jpg,187,300,0.6233333333333333,0.023032188415527344
B0F9YFX3QN,https://m.media-amazon.com/images/I/615A0PL2j8L._AC_SY300_SX300_QL70_FMwebp_.jpg,B0F9YFX3QN.jpg,/content/data/images/B0F9YFX3QN.jpg,259,300,0.8633333333333333,0.02613353729248047
B0HBNDKB2X,https://m.media-amazon.com/images/I/71dyvGvNo-L._AC_SY300_SX300_QL70_FMwebp_.jpg,B0HBNDKB2X.jpg,/content/data/images/B0HBNDKB2X.jpg,193,300,0.6433333333333333,0.021712303161621094
B08B12P6CS,https://m.media-amazon.com/images/I/61phC8Ix9bL._AC_SX569_.jpg,B08B12P6CS.jpg,/content/data/images/B08B12P6CS.jpg,569,888,0.6407657657657657,0.06951332092285156
B0H6Q47Z7X,https://m.media-amazon.com/images/I/71A8B1fBgTL._AC_SY300_SX300_QL70_FMwebp_.jpg,B0H6Q47Z7X.jpg,/content/data/images/B0H6Q47Z7X.jpg,279,300,0.93,0.03094482421875
B0GSPDRHW1,https://m.media-amazon.com/images/I/61UHvXPhMKL._AC_SY300_SX300_QL70_FMwebp_.jpg,B0GSPDRHW1.jpg,/content/data/images/B0GSPDRHW1.jpg,207,300,0.69,0.0188751220703125
B0FN3JSVNZ,https://m.media-amazon.com/images/I/61GoWNmXfzL._AC_SY300_SX300_QL70_FMwebp_.jpg,B0FN3JSVNZ.jpg,/content/data/images/B0FN3JSVNZ.jpg,255,300,0.85,0.026391029357910156
B0GXZ69S18,https://m.media-amazon.com/images/I/71O501V78LL._AC_SY300_SX300_QL70_FMwebp_.jpg,B0GXZ69S18.jpg,/content/data/images/B0GXZ69S18.jpg,194,300,0.6466666666666666,0.020099639892578125
B0H7XF1D5Z,https://m.media-amazon.com/images/I/7108kHONrHL._AC_SY300_SX300_QL70_FMwebp_.jpg,B0H7XF1D5Z.jpg,/content/data/images/B0H7XF1D5Z.jpg,191,300,0.6366666666666667,0.020653724670410156
B0BN6RRD5V,https://m.media-amazon.com/images/I/61q+ybPV2bL._AC_SX569_.jpg,B0BN6RRD5V.jpg,/content/data/images/B0BN6RRD5V.jpg,569,733,0.7762619372442019,0.04793262481689453
B09WTM88B6,https://m.media-amazon.com/images/I/71wTMO+iQIL._AC_SY879_.jpg,B09WTM88B6.jpg,/content/data/images/B09WTM88B6.jpg,569,879,0.6473265073947668,0.11165523529052734
B0GVZYSLK2,https://m.media-amazon.com/images/I/61wr7n6pdIL._AC_SY300_SX300_QL70_FMwebp_.jpg,B0GVZYSLK2.jpg,/content/data/images/B0GVZYSLK2.jpg,189,300,0.63,0.02016735076904297
B0CP22DQQS,https://m.media-amazon.com/images/I/712kZm3lUrL._AC_SY300_SX300_QL70_FMwebp_.jpg,B0CP22DQQS.jpg,/content/data/images/B0CP22DQQS.jpg,300,300,1.0,0.02863025665283203
B0CGGPKBCZ,https://m.media-amazon.com/images/I/713Sneig0BL._AC_SY300_SX300_QL70_FMwebp_.jpg,B0CGGPKBCZ.jpg,/content/data/images/B0CGGPKBCZ.jpg,168,300,0.56,0.016576766967773438
B0H8DBTLV6,https://m.media-amazon.com/images/I/71FFnzx7GeL._AC_SX569_.jpg,B0H8DBTLV6.jpg,/content/data/images/B0H8DBTLV6.jpg,569,676,0.841715976331361,0.08237266540527344
B0FRMS6KF3,https://m.media-amazon.com/images/I/611DBKsp5PL._AC_SY300_SX300_QL70_FMwebp_.jpg,B0FRMS6KF3.jpg,/content/data/images/B0FRMS6KF3.jpg,189,300,0.63,0.021059036254882812
B0D4YV8KZR,https://m.media-amazon.com/images/I/61g3A9y03qL._AC_SX569_.jpg,B0D4YV8KZR.jpg,/content/data/images/B0D4YV8KZR.jpg,569,980,0.5806122448979592,0.07198047637939453
B0H6ZWS7BF,https://m.media-amazon.com/images/I/71EswlUWumL._AC_SX569_.jpg,B0H6ZWS7BF.jpg,/content/data/images/B0H6ZWS7BF.jpg,569,548,1.0383211678832116,0.05480194091796875
B0DPHLWNBG,https://m.media-amazon.com/images/I/81vXeRdDeNL._AC_SY300_SX300_QL70_FMwebp_.jpg,B0DPHLWNBG.jpg,/content/data/images/B0DPHLWNBG.jpg,290,300,0.9666666666666667,0.04003334045410156
B0D4TKP2M1,https://m.media-amazon.com/images/I/71gGe6J+czL._AC_SY300_SX300_QL70_FMwebp_.jpg,B0D4TKP2M1.jpg,/content/data/images/B0D4TKP2M1.jpg,246,300,0.82,0.02608489990234375
B0GHWBLFMN,https://m.media-amazon.com/images/I/71Td9+DGzvL._AC_SX569_.jpg,B0GHWBLFMN.jpg,/content/data/images/B0GHWBLFMN.jpg,569,680,0.836764705882353,0.0533447265625
B0FXRQQKQK,https://m.media-amazon.com/images/I/81IOJ+BWCqL._AC_SX569_.jpg,B0FXRQQKQK.jpg,/content/data/images/B0FXRQQKQK.jpg,569,569,1.0,0.11069202423095703
B07Y8BXBX8,https://m.media-amazon.com/images/I/91Xd+rJMGML._AC_SY300_SX300_QL70_FMwebp_.jpg,B07Y8BXBX8.jpg,/content/data/images/B07Y8BXBX8.jpg,297,300,0.99,0.03407859802246094
B0DGK8TG51,https://m.media-amazon.com/images/I/710hqIp6uTL._AC_SY300_SX300_QL70_FMwebp_.jpg,B0DGK8TG51.jpg,/content/data/images/B0DGK8TG51.jpg,300,300,1.0,0.03435039520263672
B0FFGK32C5,https://m.media-amazon.com/images/I/61gPeAY1+5L._AC_SY300_SX300_QL70_FMwebp_.jpg,B0FFGK32C5.jpg,/content/data/images/B0FFGK32C5.jpg,202,300,0.6733333333333333,0.01944732666015625
B0G2BPN56M,https://m.media-amazon.com/images/I/71Kt5H3haTL._AC_SY300_SX300_QL70_FMwebp_.jpg,B0G2BPN56M.jpg,/content/data/images/B0G2BPN56M.jpg,173,300,0.5766666666666667,0.019420623779296875
B0GXVTGXC2,https://m.media-amazon.com/images/I/81+FTLLmYmL._AC_SY300_SX300_QL70_FMwebp_.jpg,B0GXVTGXC2.jpg,/content/data/images/B0GXVTGXC2.jpg,286,300,0.9533333333333334,0.03343009948730469
B0CB1BNBY7,https://m.media-amazon.com/images/I/61jlOxcno5L._AC_SX569_.jpg,B0CB1BNBY7.jpg,/content/data/images/B0CB1BNBY7.jpg,569,986,0.577079107505071,0.07512283325195312
B0DLVWB9RC,https://m.media-amazon.com/images/I/71GWr5LVLKL._AC_SY300_SX300_QL70_FMwebp_.jpg,B0DLVWB9RC.jpg,/content/data/images/B0DLVWB9RC.jpg,255,300,0.85,0.02961444854736328
B0GS5QKBP2,https://m.media-amazon.com/images/I/71lgIV0GDVL._AC_SY300_SX300_QL70_FMwebp_.jpg,B0GS5QKBP2.jpg,/content/data/images/B0GS5QKBP2.jpg,300,300,1.0,0.03495502471923828
B0GHWLZF39,https://m.media-amazon.com/images/I/71tEDU+iZmL._AC_SX569_.jpg,B0GHWLZF39.jpg,/content/data/images/B0GHWLZF39.jpg,569,699,0.8140200286123033,0.056285858154296875
B0CG6TN45R,https://m.media-amazon.com/images/I/819hBSGD+KL._AC_SX569_.jpg,B0CG6TN45R.jpg,/content/data/images/B0CG6TN45R.jpg,569,569,1.0,0.10251140594482422
B0GHVWZPL6,https://m.media-amazon.com/images/I/71OlI1gzvvL._AC_SX569_.jpg,B0GHVWZPL6.jpg,/content/data/images/B0GHVWZPL6.jpg,569,684,0.8318713450292398,0.05289936065673828
B0FFSR8G9V,https://m.media-amazon.com/images/I/71mLrv7ZNIL._AC_SY300_SX300_QL70_FMwebp_.jpg,B0FFSR8G9V.jpg,/content/data/images/B0FFSR8G9V.jpg,287,300,0.9566666666666667,0.032360076904296875
B0CQD3K8PJ,https://m.media-amazon.com/images/I/71LWhgxJCaL._AC_SY300_SX300_QL70_FMwebp_.jpg,B0CQD3K8PJ.jpg,/content/data/images/B0CQD3K8PJ.jpg,300,300,1.0,0.035317420959472656
B0GXDWJD86,https://m.media-amazon.com/images/I/71cQB5Y1XDL._AC_SY300_SX300_QL70_FMwebp_.jpg,B0GXDWJD86.jpg,/content/data/images/B0GXDWJD86.jpg,237,300,0.79,0.027730941772460938
B0H38R57G6,https://m.media-amazon.com/images/I/710jZ3TNPbL._AC_SX569_.jpg,B0H38R57G6.jpg,/content/data/images/B0H38R57G6.jpg,569,548,1.0383211678832116,0.05825996398925781
B0GXZ39NBD,https://m.media-amazon.com/images/I/71mYuYctJwL._AC_SY300_SX300_QL70_FMwebp_.jpg,B0GXZ39NBD.jpg,/content/data/images/B0GXZ39NBD.jpg,300,300,1.0,0.03510856628417969
B0DCHXTGRN,https://m.media-amazon.com/images/I/51mG+WC2gbL._AC_SY300_SX300_QL70_FMwebp_.jpg,B0DCHXTGRN.jpg,/content/data/images/B0DCHXTGRN.jpg,191,300,0.6366666666666667,0.011143684387207031
B0DGK4LBX9,https://m.media-amazon.com/images/I/71oo11WQ9dL._AC_SY300_SX300_QL70_FMwebp_.jpg,B0DGK4LBX9.jpg,/content/data/images/B0DGK4LBX9.jpg,195,300,0.65,0.018648147583007812
B0FH25Z9W3,https://m.media-amazon.com/images/I/51WJ49046oL._AC_SY300_SX300_QL70_FMwebp_.jpg,B0FH25Z9W3.jpg,/content/data/images/B0FH25Z9W3.jpg,154,300,0.5133333333333333,0.013760566711425781
B0F1CHX3D7,https://m.media-amazon.com/images/I/71h6S4HQhRL._AC_SX569_.jpg,B0F1CHX3D7.jpg,/content/data/images/B0F1CHX3D7.jpg,569,655,0.8687022900763359,0.0628213882446289
B0FLJLV8WN,https://m.media-amazon.com/images/I/71O2IM2sCgL._AC_SY300_SX300_QL70_FMwebp_.jpg,B0FLJLV8WN.jpg,/content/data/images/B0FLJLV8WN.jpg,260,300,0.8666666666666667,0.03180217742919922
B0DZCMCBZY,https://m.media-amazon.com/images/I/717VstaBQUL._AC_SX569_.jpg,B0DZCMCBZY.jpg,/content/data/images/B0DZCMCBZY.jpg,569,572,0.9947552447552448,0.06238079071044922
B0H14TPV1L,https://m.media-amazon.com/images/I/71a3tC0DkKL._AC_SY300_SX300_QL70_FMwebp_.jpg,B0H14TPV1L.jpg,/content/data/images/B0H14TPV1L.jpg,300,289,1.0380622837370241,0.02482128143310547
B0DP5SY554,https://m.media-amazon.com/images/I/71JMbeac-qL._AC_SY300_SX300_QL70_FMwebp_.jpg,B0DP5SY554.jpg,/content/data/images/B0DP5SY554.jpg,164,300,0.5466666666666666,0.015992164611816406
B07K74LDCH,https://m.media-amazon.com/images/I/51wX5vhTB4L._AC_SY450_.jpg,B07K74LDCH.jpg,/content/data/images/B07K74LDCH.jpg,301,450,0.6688888888888889,0.020834922790527344
B06XZTZ7GB,https://m.media-amazon.com/images/I/71ocYTnmgeL._AC_SX425_.jpg,B06XZTZ7GB.jpg,/content/data/images/B06XZTZ7GB.jpg,425,552,0.769927536231884,0.10458660125732422
B07CPW148Z,https://m.media-amazon.com/images/I/812vsAFmvYL._AC_SY300_SX300_QL70_FMwebp_.jpg,B07CPW148Z.jpg,/content/data/images/B07CPW148Z.jpg,258,300,0.86,0.026230812072753906
B0C13GFY7N,https://m.media-amazon.com/images/I/91IsBDIF+8L._AC_SX425_.jpg,B0C13GFY7N.jpg,/content/data/images/B0C13GFY7N.jpg,425,497,0.8551307847082495,0.0709066390991211
B07V4R4Z77,https://m.media-amazon.com/images/I/616XeNB7AUL._AC_SY300_SX300_QL70_FMwebp_.jpg,B07V4R4Z77.jpg,/content/data/images/B07V4R4Z77.jpg,227,300,0.7566666666666667,0.02498912811279297
B0DL8W99LM,https://m.media-amazon.com/images/I/61sufLjWbHL._AC_SX425_.jpg,B0DL8W99LM.jpg,/content/data/images/B0DL8W99LM.jpg,425,493,0.8620689655172413,0.03728675842285156
B07F2YJRN2,https://m.media-amazon.com/images/I/81wJz33E29L._AC_SX425_.jpg,B07F2YJRN2.jpg,/content/data/images/B07F2YJRN2.jpg,425,538,0.7899628252788105,0.08001232147216797
B0DT1H3CR1,https://m.media-amazon.com/images/I/61NWSXhJGfL._AC_SY300_SX300_QL70_FMwebp_.jpg,B0DT1H3CR1.jpg,/content/data/images/B0DT1H3CR1.jpg,217,300,0.7233333333333334,0.022943496704101562
B0772RGLXL,https://m.media-amazon.com/images/I/61PmTdGnH8L._AC_SY300_SX300_QL70_FMwebp_.jpg,B0772RGLXL.jpg,/content/data/images/B0772RGLXL.jpg,226,300,0.7533333333333333,0.021668434143066406
B0FRLJF3C2,https://m.media-amazon.com/images/I/81kdN00TMaL._AC_SY300_SX300_QL70_FMwebp_.jpg,B0FRLJF3C2.jpg,/content/data/images/B0FRLJF3C2.jpg,180,300,0.6,0.01832294464111328
B0CR9JFD7S,https://m.media-amazon.com/images/I/61mBPzS4IeL._AC_SY300_SX300_QL70_FMwebp_.jpg,B0CR9JFD7S.jpg,/content/data/images/B0CR9JFD7S.jpg,229,300,0.7633333333333333,0.01896953582763672
B0DQSJM8SX,https://m.media-amazon.com/images/I/71nN496Q13L._AC_SY300_SX300_QL70_FMwebp_.jpg,B0DQSJM8SX.jpg,/content/data/images/B0DQSJM8SX.jpg,239,300,0.7966666666666666,0.029150962829589844
B0FSLB42V3,https://m.media-amazon.com/images/I/71HgnUHbcHL._AC_SY300_SX300_QL70_FMwebp_.jpg,B0FSLB42V3.jpg,/content/data/images/B0FSLB42V3.jpg,258,300,0.86,0.023801803588867188
B0007QCQGS,https://m.media-amazon.com/images/I/51Jvm0SPFbL._AC_SY450_.jpg,B0007QCQGS.jpg,/content/data/images/B0007QCQGS.jpg,311,450,0.6911111111111111,0.022937774658203125
B0F83YR84S,https://m.media-amazon.com/images/I/81jjdI6-3ML._AC_SX466_.jpg,B0F83YR84S.jpg,/content/data/images/B0F83YR84S.jpg,466,666,0.6996996996996997,0.07966327667236328
B0F9LRK6SS,https://m.media-amazon.com/images/I/71XOfV5FDkL._AC_SY450_.jpg,B0F9LRK6SS.jpg,/content/data/images/B0F9LRK6SS.jpg,241,450,0.5355555555555556,0.021895408630371094
B0D9MK23S7,https://m.media-amazon.com/images/I/71e5GgPXQzL._AC_SX425_.jpg,B0D9MK23S7.jpg,/content/data/images/B0D9MK23S7.jpg,425,345,1.2318840579710144,0.03936195373535156
B0FHXY7VZ5,https://m.media-amazon.com/images/I/71XVJMTza3L._AC_SY300_SX300_QL70_FMwebp_.jpg,B0FHXY7VZ5.jpg,/content/data/images/B0FHXY7VZ5.jpg,300,229,1.3100436681222707,0.025338172912597656
B0GLRCN2SW,https://m.media-amazon.com/images/I/71vaEK60XIL._AC_SX425_.jpg,B0GLRCN2SW.jpg,/content/data/images/B0GLRCN2SW.jpg,425,376,1.1303191489361701,0.0424346923828125
B0DM6SNBGM,https://m.media-amazon.com/images/I/71jd1f-J-FL._AC_SX425_.jpg,B0DM6SNBGM.jpg,/content/data/images/B0DM6SNBGM.jpg,425,316,1.3449367088607596,0.03191375732421875
B0FLM15Q5L,https://m.media-amazon.com/images/I/81z1o5y64wL._AC_SX425_.jpg,B0FLM15Q5L.jpg,/content/data/images/B0FLM15Q5L.jpg,425,381,1.1154855643044619,0.05408191680908203
B0B3DS23NB,https://m.media-amazon.com/images/I/81Vc8Bbh06L._AC_SX425_.jpg,B0B3DS23NB.jpg,/content/data/images/B0B3DS23NB.jpg,425,322,1.3198757763975155,0.06015777587890625
B0DB9Q5G3R,https://m.media-amazon.com/images/I/619WSKm18ZL._AC_SX425_.jpg,B0DB9Q5G3R.jpg,/content/data/images/B0DB9Q5G3R.jpg,425,313,1.3578274760383386,0.03478431701660156
B0D8LH2VSP,https://m.media-amazon.com/images/I/71BulG5wsRL._AC_SY300_SX300_QL70_FMwebp_.jpg,B0D8LH2VSP.jpg,/content/data/images/B0D8LH2VSP.jpg,300,232,1.293103448275862,0.03452587127685547
B0CHHSFMRL,https://m.media-amazon.com/images/I/71jdr9u9YhL._AC_SY300_SX300_QL70_FMwebp_.jpg,B0CHHSFMRL.jpg,/content/data/images/B0CHHSFMRL.jpg,300,227,1.3215859030837005,0.03447723388671875
B0C8ZJNZY8,https://m.media-amazon.com/images/I/7161NvPxE-L._AC_SY300_SX300_QL70_FMwebp_.jpg,B0C8ZJNZY8.jpg,/content/data/images/B0C8ZJNZY8.jpg,300,235,1.2765957446808511,0.040332794189453125
B0DK44759Y,https://m.media-amazon.com/images/I/61hW+rfpcML._AC_SX425_.jpg,B0DK44759Y.jpg,/content/data/images/B0DK44759Y.jpg,425,328,1.295731707317073,0.03348731994628906
B0G1PYLBD3,https://m.media-amazon.com/images/I/71hAwcAd20L._AC_SX300_SY300_QL70_FMwebp_.jpg,B0G1PYLBD3.jpg,/content/data/images/B0G1PYLBD3.jpg,300,233,1.2875536480686696,0.02616119384765625
B0F6PLGZQG,https://m.media-amazon.com/images/I/71r2SEI6RPL._AC_SX425_.jpg,B0F6PLGZQG.jpg,/content/data/images/B0F6PLGZQG.jpg,425,342,1.2426900584795322,0.053485870361328125
B0CP7RZRMD,https://m.media-amazon.com/images/I/710q+sSccwL._AC_SY300_SX300_QL70_FMwebp_.jpg,B0CP7RZRMD.jpg,/content/data/images/B0CP7RZRMD.jpg,300,228,1.3157894736842106,0.026671409606933594
B0FM7FS7CR,https://m.media-amazon.com/images/I/717aMzfvhUL._AC_SY300_SX300_QL70_FMwebp_.jpg,B0FM7FS7CR.jpg,/content/data/images/B0FM7FS7CR.jpg,300,236,1.271186440677966,0.037799835205078125
B0F72ZCGWB,https://m.media-amazon.com/images/I/71Dd2IJuKQL._AC_SY300_SX300_QL70_FMwebp_.jpg,B0F72ZCGWB.jpg,/content/data/images/B0F72ZCGWB.jpg,300,221,1.3574660633484164,0.025671958923339844
B0BZYCJK89,https://m.media-amazon.com/images/I/61Gvw0-b0eL._AC_SX522_.jpg,B0BZYCJK89.jpg,/content/data/images/B0BZYCJK89.jpg,522,1765,0.2957507082152975,0.0808572769165039
B085DTZQNZ,https://m.media-amazon.com/images/I/718RbhzhVbL._AC_SX522_.jpg,B085DTZQNZ.jpg,/content/data/images/B085DTZQNZ.jpg,522,1790,0.2916201117318436,0.1221017837524414
B085DVHQ57,https://m.media-amazon.com/images/I/71Cfld2aMpL._AC_SY300_SX300_QL70_FMwebp_.jpg,B085DVHQ57.jpg,/content/data/images/B085DVHQ57.jpg,95,300,0.31666666666666665,0.008017539978027344
B085DVNHHK,https://m.media-amazon.com/images/I/71XJK6bWJKL._AC_SX522_.jpg,B085DVNHHK.jpg,/content/data/images/B085DVNHHK.jpg,522,1647,0.31693989071038253,0.06135272979736328
B0FFTL7QNC,https://m.media-amazon.com/images/I/51clcjX2xnL._AC_SY300_SX300_QL70_FMwebp_.jpg,B0FFTL7QNC.jpg,/content/data/images/B0FFTL7QNC.jpg,116,300,0.38666666666666666,0.007653236389160156
B0DLCG65B5,https://m.media-amazon.com/images/I/71bQt+V4flL._AC_SX569_.jpg,B0DLCG65B5.jpg,/content/data/images/B0DLCG65B5.jpg,569,571,0.9964973730297724,0.07640361785888672
B0H5YDM8V5,https://m.media-amazon.com/images/I/419xrHJuyyL._AC_SY300_SX300_QL70_FMwebp_.jpg,B0H5YDM8V5.jpg,/content/data/images/B0H5YDM8V5.jpg,98,300,0.32666666666666666,0.007374763488769531
B0F2WMS7CC,https://m.media-amazon.com/images/I/51trt5KQ9iL._AC_SX569_.jpg,B0F2WMS7CC.jpg,/content/data/images/B0F2WMS7CC.jpg,569,1941,0.29314786192684184,0.05511188507080078
B0BZZT7D5V,https://m.media-amazon.com/images/I/71zzYroIqrL._AC_SX569_.jpg,B0BZZT7D5V.jpg,/content/data/images/B0BZZT7D5V.jpg,569,595,0.9563025210084034,0.08201026916503906
B0BZYBP74R,https://m.media-amazon.com/images/I/51o-DchRIhL._AC_SX522_.jpg,B0BZYBP74R.jpg,/content/data/images/B0BZYBP74R.jpg,522,1633,0.31965707287201467,0.06457710266113281
B0H431HLBT,https://m.media-amazon.com/images/I/51ikEjzH3OL._AC_SY300_SX300_QL70_FMwebp_.jpg,B0H431HLBT.jpg,/content/data/images/B0H431HLBT.jpg,105,300,0.35,0.008046150207519531
B0D2W136D1,https://m.media-amazon.com/images/I/61tx9LRbfeL._AC_SX569_.jpg,B0D2W136D1.jpg,/content/data/images/B0D2W136D1.jpg,569,950,0.5989473684210527,0.0689706802368164
B0B9T4KCV7,https://m.media-amazon.com/images/I/61SZv0sxiBL._AC_SX522_.jpg,B0B9T4KCV7.jpg,/content/data/images/B0B9T4KCV7.jpg,522,990,0.5272727272727272,0.0747222900390625
B07N2F3JXP,https://m.media-amazon.com/images/I/61zn4mJ1YqL._AC_SX569_.jpg,B07N2F3JXP.jpg,/content/data/images/B07N2F3JXP.jpg,569,1491,0.38162307176391685,0.08256149291992188
B0842RYHVB,https://m.media-amazon.com/images/I/61OtdVxiaEL._AC_SY300_SX300_QL70_FMwebp_.jpg,B0842RYHVB.jpg,/content/data/images/B0842RYHVB.jpg,148,300,0.49333333333333335,0.008820533752441406
B0DG36YPZM,https://m.media-amazon.com/images/I/61oixnCXK2L._AC_SY879_.jpg,B0DG36YPZM.jpg,/content/data/images/B0DG36YPZM.jpg,307,879,0.3492605233219568,0.024049758911132812
B0BBS8CTH2,https://m.media-amazon.com/images/I/71eccCVJY2L._AC_SY741_.jpg,B0BBS8CTH2.jpg,/content/data/images/B0BBS8CTH2.jpg,291,741,0.39271255060728744,0.0455474853515625
B0GTYJXMT7,https://m.media-amazon.com/images/I/61FQoG0LiLL._AC_SX522_.jpg,B0GTYJXMT7.jpg,/content/data/images/B0GTYJXMT7.jpg,522,1364,0.38269794721407624,0.06141471862792969
B0DGHQWVDQ,https://m.media-amazon.com/images/I/41Mw3aUCUrL._AC_SX569_.jpg,B0DGHQWVDQ.jpg,/content/data/images/B0DGHQWVDQ.jpg,569,1150,0.49478260869565216,0.031937599182128906
B0GH7M2MPW,https://m.media-amazon.com/images/I/61cgWG5C8GL._AC_SX522_.jpg,B0GH7M2MPW.jpg,/content/data/images/B0GH7M2MPW.jpg,522,633,0.8246445497630331,0.045243263244628906
B0CDL2V8KX,https://m.media-amazon.com/images/I/512Q2UhZiyL._AC_SY300_SX300_QL70_FMwebp_.jpg,B0CDL2V8KX.jpg,/content/data/images/B0CDL2V8KX.jpg,214,300,0.7133333333333334,0.012015342712402344
B0BT8K88SR,https://m.media-amazon.com/images/I/81BQherq42L._AC_SX522_.jpg,B0BT8K88SR.jpg,/content/data/images/B0BT8K88SR.jpg,522,587,0.889267461669506,0.06204032897949219
B09LM1P132,https://m.media-amazon.com/images/I/61vlLkjEiJL._AC_SX569_.jpg,B09LM1P132.jpg,/content/data/images/B09LM1P132.jpg,569,724,0.7859116022099447,0.054912567138671875
B0H1YP71W7,https://m.media-amazon.com/images/I/510YYJCdGdL._AC_SY300_SX300_QL70_FMwebp_.jpg,B0H1YP71W7.jpg,/content/data/images/B0H1YP71W7.jpg,113,300,0.37666666666666665,0.013614654541015625
B0DR9PVSC9,https://m.media-amazon.com/images/I/61-niRLVOcL._AC_SY879_.jpg,B0DR9PVSC9.jpg,/content/data/images/B0DR9PVSC9.jpg,291,879,0.3310580204778157,0.032306671142578125
B00LZSR3KQ,https://m.media-amazon.com/images/I/71nrT+eZWdL._AC_SX522_.jpg,B00LZSR3KQ.jpg,/content/data/images/B00LZSR3KQ.jpg,522,681,0.7665198237885462,0.06707954406738281
B0FFTMLYT1,https://m.media-amazon.com/images/I/51mAwd97JyL._AC_SX522_.jpg,B0FFTMLYT1.jpg,/content/data/images/B0FFTMLYT1.jpg,522,2115,0.24680851063829787,0.05924510955810547
B0F8HF7X28,https://m.media-amazon.com/images/I/615-SsezlLL._AC_SY300_SX300_QL70_FMwebp_.jpg,B0F8HF7X28.jpg,/content/data/images/B0F8HF7X28.jpg,213,300,0.71,0.015402793884277344
B0CDPXLCHF,https://m.media-amazon.com/images/I/81PuRKp1s0L._AC_SY300_SX300_QL70_FMwebp_.jpg,B0CDPXLCHF.jpg,/content/data/images/B0CDPXLCHF.jpg,294,300,0.98,0.034122467041015625
B0DFXWYYLG,https://m.media-amazon.com/images/I/51fNkMWFLUL._AC_SX569_.jpg,B0DFXWYYLG.jpg,/content/data/images/B0DFXWYYLG.jpg,569,1334,0.42653673163418293,0.05881977081298828
B082TGNDJR,https://m.media-amazon.com/images/I/61lTI66qt1L._AC_SY300_SX300_QL70_FMwebp_.jpg,B082TGNDJR.jpg,/content/data/images/B082TGNDJR.jpg,106,300,0.35333333333333333,0.008894920349121094
B0DJ74H464,https://m.media-amazon.com/images/I/719Vxk3wF5L._AC_SY300_SX300_QL70_FMwebp_.jpg,B0DJ74H464.jpg,/content/data/images/B0DJ74H464.jpg,219,300,0.73,0.0159454345703125
B0DTP745KH,https://m.media-amazon.com/images/I/616nMLYDnML._AC_SX569_.jpg,B0DTP745KH.jpg,/content/data/images/B0DTP745KH.jpg,569,1397,0.4073013600572656,0.1016244888305664
B0DRWLLLM9,https://m.media-amazon.com/images/I/51iAChaHivL._AC_SY300_SX300_QL70_FMwebp_.jpg,B0DRWLLLM9.jpg,/content/data/images/B0DRWLLLM9.jpg,126,300,0.42,0.00685882568359375
B0C1DZKS8J,https://m.media-amazon.com/images/I/715zohrpijL._AC_SY300_SX300_QL70_FMwebp_.jpg,B0C1DZKS8J.jpg,/content/data/images/B0C1DZKS8J.jpg,270,300,0.9,0.01945781707763672
B07YXM9DJF,https://m.media-amazon.com/images/I/61M8ogW31ZL._AC_SY879_.jpg,B07YXM9DJF.jpg,/content/data/images/B07YXM9DJF.jpg,333,879,0.378839590443686,0.027982711791992188
B072HPWW1X,https://m.media-amazon.com/images/I/61Yh6m0YZNL._AC_SX522_.jpg,B072HPWW1X.jpg,/content/data/images/B072HPWW1X.jpg,522,1225,0.42612244897959184,0.0689697265625
B0CDQ81X9T,https://m.media-amazon.com/images/I/7109JlXhb0L._AC_SY300_SX300_QL70_FMwebp_.jpg,B0CDQ81X9T.jpg,/content/data/images/B0CDQ81X9T.jpg,210,300,0.7,0.030332565307617188
B0G4W8NYT5,https://m.media-amazon.com/images/I/61WA1-1tnCL._AC_SX569_.jpg,B0G4W8NYT5.jpg,/content/data/images/B0G4W8NYT5.jpg,569,589,0.966044142614601,0.03808307647705078
B0FJ2XN12K,https://m.media-amazon.com/images/I/51tX0n4azLL._AC_SX569_.jpg,B0FJ2XN12K.jpg,/content/data/images/B0FJ2XN12K.jpg,569,1263,0.4505146476642914,0.04211139678955078
B07JYWSZ8R,https://m.media-amazon.com/images/I/61v35WXKPaL._AC_SX569_.jpg,B07JYWSZ8R.jpg,/content/data/images/B07JYWSZ8R.jpg,569,1530,0.3718954248366013,0.07696533203125
B072MTP9YT,https://m.media-amazon.com/images/I/61QxqSPDYqL._AC_SY300_SX300_QL70_FMwebp_.jpg,B072MTP9YT.jpg,/content/data/images/B072MTP9YT.jpg,106,300,0.35333333333333333,0.009171485900878906
B0GGKFM3KK,https://m.media-amazon.com/images/I/61BJBzp0zKL._AC_SX569_.jpg,B0GGKFM3KK.jpg,/content/data/images/B0GGKFM3KK.jpg,569,1204,0.47259136212624586,0.04742145538330078
B0DSGGRQG3,https://m.media-amazon.com/images/I/41kQgbVA48L._AC_SX569_.jpg,B0DSGGRQG3.jpg,/content/data/images/B0DSGGRQG3.jpg,317,1140,0.27807017543859647,0.035373687744140625
B0BHBP1X1B,https://m.media-amazon.com/images/I/41XQiDSIDWL._AC_SX569_.jpg,B0BHBP1X1B.jpg,/content/data/images/B0BHBP1X1B.jpg,569,1266,0.44944707740916273,0.03372669219970703
B0D7369LNC,https://m.media-amazon.com/images/I/61kfnXWLC7L._AC_SX569_.jpg,B0D7369LNC.jpg,/content/data/images/B0D7369LNC.jpg,569,617,0.9222042139384117,0.04991912841796875
B0D5ZSDY91,https://m.media-amazon.com/images/I/5175WKzZtzL._AC_SY300_SX300_QL70_FMwebp_.jpg,B0D5ZSDY91.jpg,/content/data/images/B0D5ZSDY91.jpg,166,300,0.5533333333333333,0.011164665222167969
B0BZRZGJDL,https://m.media-amazon.com/images/I/81RcluPVESL._AC_SX569_.jpg,B0BZRZGJDL.jpg,/content/data/images/B0BZRZGJDL.jpg,569,881,0.6458569807037458,0.059721946716308594
B07HRBWC9N,https://m.media-amazon.com/images/I/81BrhaMunQL._AC_SX385_.jpg,B07HRBWC9N.jpg,/content/data/images/B07HRBWC9N.jpg,385,697,0.5523672883787661,0.050579071044921875
B0CNSHYZF7,https://m.media-amazon.com/images/I/71VzpXZwqVL._AC_SY500_.jpg,B0CNSHYZF7.jpg,/content/data/images/B0CNSHYZF7.jpg,365,500,0.73,0.04762458801269531
B0F9P8SJXJ,https://m.media-amazon.com/images/I/61ogtL2EiVL._AC_SX385_.jpg,B0F9P8SJXJ.jpg,/content/data/images/B0F9P8SJXJ.jpg,385,529,0.7277882797731569,0.03094768524169922
B0C1Z64LJR,https://m.media-amazon.com/images/I/81EXL-Wd+JL._AC_SX466_.jpg,B0C1Z64LJR.jpg,/content/data/images/B0C1Z64LJR.jpg,466,450,1.0355555555555556,0.051278114318847656
B07XLTPC5L,https://m.media-amazon.com/images/I/61Nn7FcOqBL._AC_SX466_.jpg,B07XLTPC5L.jpg,/content/data/images/B07XLTPC5L.jpg,466,430,1.083720930232558,0.022896766662597656
B086KY66PJ,https://m.media-amazon.com/images/I/61+jiqYxv8L._AC_SY679_.jpg,B086KY66PJ.jpg,/content/data/images/B086KY66PJ.jpg,338,679,0.49779086892488955,0.032993316650390625
B0787P86ZZ,https://m.media-amazon.com/images/I/710o0VupScL._AC_SX466_.jpg,B0787P86ZZ.jpg,/content/data/images/B0787P86ZZ.jpg,466,535,0.8710280373831776,0.03702068328857422
B011QQE1HE,https://m.media-amazon.com/images/I/61C-skMeafL._AC_SX466_.jpg,B011QQE1HE.jpg,/content/data/images/B011QQE1HE.jpg,466,500,0.932,0.014426231384277344
B09313VG36,https://m.media-amazon.com/images/I/81ItG4mkmHS._AC_SX466_.jpg,B09313VG36.jpg,/content/data/images/B09313VG36.jpg,466,415,1.1228915662650603,0.03429126739501953
B0BPYCHYP9,https://m.media-amazon.com/images/I/61UL+EB-mhL._AC_SY500_.jpg,B0BPYCHYP9.jpg,/content/data/images/B0BPYCHYP9.jpg,375,500,0.75,0.032878875732421875
B0H9L8GN8D,https://m.media-amazon.com/images/I/71qc7l-jtoL._AC_SY500_.jpg,B0H9L8GN8D.jpg,/content/data/images/B0H9L8GN8D.jpg,291,500,0.582,0.04602813720703125
B0C6MGY1Q1,https://m.media-amazon.com/images/I/71aaZl97SGL._AC_SX466_.jpg,B0C6MGY1Q1.jpg,/content/data/images/B0C6MGY1Q1.jpg,466,579,0.8048359240069085,0.0926055908203125
B0FS7F8P89,https://m.media-amazon.com/images/I/61a5la2Y4jL._AC_SY500_.jpg,B0FS7F8P89.jpg,/content/data/images/B0FS7F8P89.jpg,350,500,0.7,0.028344154357910156
B0DPG63QRS,https://m.media-amazon.com/images/I/71GxpUQJmUL._AC_SX466_.jpg,B0DPG63QRS.jpg,/content/data/images/B0DPG63QRS.jpg,466,472,0.9872881355932204,0.03797626495361328
B07JBS59X1,https://m.media-amazon.com/images/I/51wDsZxtTLL._AC_SX466_.jpg,B07JBS59X1.jpg,/content/data/images/B07JBS59X1.jpg,466,499,0.9338677354709419,0.019125938415527344
B0D2PKRQSN,https://m.media-amazon.com/images/I/71ISTYxoRgL._AC_SX679_.jpg,B0D2PKRQSN.jpg,/content/data/images/B0D2PKRQSN.jpg,679,1030,0.6592233009708738,0.07464599609375
B00HVW5FQO,https://m.media-amazon.com/images/I/51JzwHcjh1L._AC_SX679_.jpg,B00HVW5FQO.jpg,/content/data/images/B00HVW5FQO.jpg,679,836,0.812200956937799,0.03444385528564453
B00LSRU2JS,https://m.media-amazon.com/images/I/51VgyGStyjL._AC_SY679_.jpg,B00LSRU2JS.jpg,/content/data/images/B00LSRU2JS.jpg,347,679,0.5110456553755522,0.017425537109375
B091Y144ZF,https://m.media-amazon.com/images/I/71e48dWFu-S._AC_SY500_.jpg,B091Y144ZF.jpg,/content/data/images/B091Y144ZF.jpg,352,500,0.704,0.06966018676757812
B0H3SR472Y,https://m.media-amazon.com/images/I/61bBvfwhVYL._AC_SX385_.jpg,B0H3SR472Y.jpg,/content/data/images/B0H3SR472Y.jpg,385,518,0.7432432432432432,0.029524803161621094
B0846KKG89,https://m.media-amazon.com/images/I/81wY-XDF63L._AC_SX385_.jpg,B0846KKG89.jpg,/content/data/images/B0846KKG89.jpg,385,350,1.1,0.018571853637695312
B0GC59R2B4,https://m.media-amazon.com/images/I/71OSfpWs2RL._AC_SY500_.jpg,B0GC59R2B4.jpg,/content/data/images/B0GC59R2B4.jpg,374,500,0.748,0.027278900146484375
B09B5BQ3YX,https://m.media-amazon.com/images/I/81fRiskSVjL._AC_SY500_.jpg,B09B5BQ3YX.jpg,/content/data/images/B09B5BQ3YX.jpg,372,500,0.744,0.051113128662109375
B07611Y7N7,https://m.media-amazon.com/images/I/614rbIVRUJL._AC_SX466_.jpg,B07611Y7N7.jpg,/content/data/images/B07611Y7N7.jpg,466,451,1.033259423503326,0.02070140838623047
B00JUM7DNG,https://m.media-amazon.com/images/I/51OCgvFaepL._AC_SX466_.jpg,B00JUM7DNG.jpg,/content/data/images/B00JUM7DNG.jpg,466,463,1.0064794816414686,0.010607719421386719
B0GF15CCZ1,https://m.media-amazon.com/images/I/61kPKzeoRJL._AC_SX385_.jpg,B0GF15CCZ1.jpg,/content/data/images/B0GF15CCZ1.jpg,385,483,0.7971014492753623,0.030091285705566406
B0C1Z2WXLS,https://m.media-amazon.com/images/I/61+3OaoD+tL._AC_SX466_.jpg,B0C1Z2WXLS.jpg,/content/data/images/B0C1Z2WXLS.jpg,466,435,1.071264367816092,0.03406333923339844
B0DQCL1VWP,https://m.media-amazon.com/images/I/81xCg9D59aL._AC_SY500_.jpg,B0DQCL1VWP.jpg,/content/data/images/B0DQCL1VWP.jpg,354,500,0.708,0.03773021697998047
B0DHXBV1WR,https://m.media-amazon.com/images/I/71jwtedD51L._AC_SY500_.jpg,B0DHXBV1WR.jpg,/content/data/images/B0DHXBV1WR.jpg,366,500,0.732,0.04698657989501953
B08XTWF6DH,https://m.media-amazon.com/images/I/51GobBJ0RPL._AC_SX385_.jpg,B08XTWF6DH.jpg,/content/data/images/B08XTWF6DH.jpg,385,512,0.751953125,0.0290374755859375
B0G3WJZNZN,https://m.media-amazon.com/images/I/71ZZuguBKzL._AC_SX385_.jpg,B0G3WJZNZN.jpg,/content/data/images/B0G3WJZNZN.jpg,385,575,0.6695652173913044,0.05072307586669922
B0CLFFB8MH,https://m.media-amazon.com/images/I/71etVXJR0IL._AC_SX385_.jpg,B0CLFFB8MH.jpg,/content/data/images/B0CLFFB8MH.jpg,385,480,0.8020833333333334,0.03478813171386719
B07M8NXFWM,https://m.media-amazon.com/images/I/613DoJGseAL._AC_SX466_.jpg,B07M8NXFWM.jpg,/content/data/images/B07M8NXFWM.jpg,466,1013,0.4600197433366239,0.061455726623535156
B0G38V9HS8,https://m.media-amazon.com/images/I/714qsshEnzL._AC_SX385_.jpg,B0G38V9HS8.jpg,/content/data/images/B0G38V9HS8.jpg,385,503,0.7654075546719682,0.03497886657714844
B0DJZKKJJS,https://m.media-amazon.com/images/I/81lYuMqoxgL._AC_SX385_.jpg,B0DJZKKJJS.jpg,/content/data/images/B0DJZKKJJS.jpg,385,501,0.7684630738522954,0.053165435791015625
B0FQB4HN3H,https://m.media-amazon.com/images/I/61W6EndcGuL._AC_SY500_.jpg,B0FQB4HN3H.jpg,/content/data/images/B0FQB4HN3H.jpg,577,500,1.154,0.07376575469970703
B07MNSWM9V,https://m.media-amazon.com/images/I/71drNwPTpfL._AC_SX679_.jpg,B07MNSWM9V.jpg,/content/data/images/B07MNSWM9V.jpg,679,699,0.9713876967095851,0.04165935516357422
B0DY7F3X7J,https://m.media-amazon.com/images/I/81QiaQKaFeL._AC_SX385_.jpg,B0DY7F3X7J.jpg,/content/data/images/B0DY7F3X7J.jpg,385,532,0.7236842105263158,0.07216644287109375
B08F2NB5PH,https://m.media-amazon.com/images/I/81SIfJkBVTL._AC_SY679_.jpg,B08F2NB5PH.jpg,/content/data/images/B08F2NB5PH.jpg,649,679,0.9558173784977909,0.0747232437133789
B09SNTBDKQ,https://m.media-amazon.com/images/I/71ZdIfwEZGL._AC_SY500_.jpg,B09SNTBDKQ.jpg,/content/data/images/B09SNTBDKQ.jpg,326,500,0.652,0.049666404724121094
B07M9RS9WS,https://m.media-amazon.com/images/I/811KiDnOB3L._AC_SX466_.jpg,B07M9RS9WS.jpg,/content/data/images/B07M9RS9WS.jpg,466,442,1.0542986425339367,0.0427093505859375
B09S6WK83S,https://m.media-amazon.com/images/I/51MmAIxIVqL._AC_SX466_.jpg,B09S6WK83S.jpg,/content/data/images/B09S6WK83S.jpg,466,474,0.9831223628691983,0.016752243041992188
B00VTV95AK,https://m.media-amazon.com/images/I/51fd+XpyFpL._AC_SX466_.jpg,B00VTV95AK.jpg,/content/data/images/B00VTV95AK.jpg,466,483,0.9648033126293996,0.009443283081054688
B0G4RRS5BP,https://m.media-amazon.com/images/I/71VWQepmTWL._AC_SX385_.jpg,B0G4RRS5BP.jpg,/content/data/images/B0G4RRS5BP.jpg,385,503,0.7654075546719682,0.044312477111816406
B0FVBPT4BF,https://m.media-amazon.com/images/I/51vgDblnX6L._AC_SY500_.jpg,B0FVBPT4BF.jpg,/content/data/images/B0FVBPT4BF.jpg,244,500,0.488,0.019773483276367188
B07HRHBLJ4,https://m.media-amazon.com/images/I/71B+mRhndWL._AC_SX466_.jpg,B07HRHBLJ4.jpg,/content/data/images/B07HRHBLJ4.jpg,466,475,0.9810526315789474,0.022103309631347656
B0FFQKF4V7,https://m.media-amazon.com/images/I/51fg4qos9sL._AC_SY500_.jpg,B0FFQKF4V7.jpg,/content/data/images/B0FFQKF4V7.jpg,377,500,0.754,0.03167533874511719
B0767PWDQ4,https://m.media-amazon.com/images/I/51hvwSpPA9L._AC_SX466_.jpg,B0767PWDQ4.jpg,/content/data/images/B0767PWDQ4.jpg,466,448,1.0401785714285714,0.00927734375
B0746PGJGC,https://m.media-amazon.com/images/I/81UDOdMqOxL._AC_SX466_.jpg,B0746PGJGC.jpg,/content/data/images/B0746PGJGC.jpg,466,459,1.0152505446623095,0.043381690979003906
B071DVQLT2,https://m.media-amazon.com/images/I/71F4P1t80EL._AC_SX466_.jpg,B071DVQLT2.jpg,/content/data/images/B071DVQLT2.jpg,466,890,0.5235955056179775,0.05426025390625
B0CLPK9SGK,https://m.media-amazon.com/images/I/619+exAqxvL._AC_SX466_.jpg,B0CLPK9SGK.jpg,/content/data/images/B0CLPK9SGK.jpg,466,531,0.8775894538606404,0.028296470642089844
B09QKXN11C,https://m.media-amazon.com/images/I/51p+yDXhiXL._AC_SY500_.jpg,B09QKXN11C.jpg,/content/data/images/B09QKXN11C.jpg,386,500,0.772,0.017867088317871094
B0D1H3W5K7,https://m.media-amazon.com/images/I/91wBzqtgFGL._AC_SX466_.jpg,B0D1H3W5K7.jpg,/content/data/images/B0D1H3W5K7.jpg,466,698,0.667621776504298,0.0834951400756836
B07Q77SDYS,https://m.media-amazon.com/images/I/51R5mUdP2gL._AC_SY500_.jpg,B07Q77SDYS.jpg,/content/data/images/B07Q77SDYS.jpg,465,500,0.93,0.01648426055908203
B0DTHCVZ2W,https://m.media-amazon.com/images/I/81jXI4wMgeL._AC_SX385_.jpg,B0DTHCVZ2W.jpg,/content/data/images/B0DTHCVZ2W.jpg,385,518,0.7432432432432432,0.0640115737915039
B09V33J4K9,https://m.media-amazon.com/images/I/61uiJMnrb7L._AC_SY500_.jpg,B09V33J4K9.jpg,/content/data/images/B09V33J4K9.jpg,268,500,0.536,0.021721839904785156
B0G545Y5LB,https://m.media-amazon.com/images/I/81g-s7JdpeL._AC_SX385_.jpg,B0G545Y5LB.jpg,/content/data/images/B0G545Y5LB.jpg,385,513,0.7504873294346979,0.053897857666015625
B09GYK6TWW,https://m.media-amazon.com/images/I/71fexMMVqPL._AC_SX425_.jpg,B09GYK6TWW.jpg,/content/data/images/B09GYK6TWW.jpg,425,495,0.8585858585858586,0.020986557006835938
B0FF5DLFND,https://m.media-amazon.com/images/I/81S4wn8RbgL._AC_SX466_.jpg,B0FF5DLFND.jpg,/content/data/images/B0FF5DLFND.jpg,466,824,0.5655339805825242,0.07465744018554688
B0G71NKQC4,https://m.media-amazon.com/images/I/81HeNvMUmuL._AC_SX385_.jpg,B0G71NKQC4.jpg,/content/data/images/B0G71NKQC4.jpg,385,505,0.7623762376237624,0.0683603286743164
B0FF57WWP7,https://m.media-amazon.com/images/I/818iy2t7OLL._AC_SY300_SX300_QL70_FMwebp_.jpg,B0FF57WWP7.jpg,/content/data/images/B0FF57WWP7.jpg,225,300,0.75,0.04601097106933594
B0DXKFSLJP,https://m.media-amazon.com/images/I/61z-j-fXqmL._AC_SY300_SX300_QL70_FMwebp_.jpg,B0DXKFSLJP.jpg,/content/data/images/B0DXKFSLJP.jpg,284,300,0.9466666666666667,0.021282196044921875
B0BTV6X42F,https://m.media-amazon.com/images/I/71-t+mZNV+L._AC_SX425_.jpg,B0BTV6X42F.jpg,/content/data/images/B0BTV6X42F.jpg,425,331,1.283987915407855,0.03104877471923828
B09F5XQDYJ,https://m.media-amazon.com/images/I/71DzDuWNemL._AC_SX425_.jpg,B09F5XQDYJ.jpg,/content/data/images/B09F5XQDYJ.jpg,425,392,1.0841836734693877,0.03066730499267578
B0CT4HX4T9,https://m.media-amazon.com/images/I/61nJOjSLjbL._AC_SY300_SX300_QL70_FMwebp_.jpg,B0CT4HX4T9.jpg,/content/data/images/B0CT4HX4T9.jpg,252,300,0.84,0.0196533203125
B07L4JCG7T,https://m.media-amazon.com/images/I/81ixI0DWJqL._AC_SY300_SX300_QL70_FMwebp_.jpg,B07L4JCG7T.jpg,/content/data/images/B07L4JCG7T.jpg,268,300,0.8933333333333333,0.01675128936767578
B01DN8TCEU,https://m.media-amazon.com/images/I/81+Zb-xFWpL._AC_SY450_.jpg,B01DN8TCEU.jpg,/content/data/images/B01DN8TCEU.jpg,237,450,0.5266666666666666,0.013569831848144531
B0B4DKQSDV,https://m.media-amazon.com/images/I/81cat7yAIzL._AC_SY300_SX300_QL70_FMwebp_.jpg,B0B4DKQSDV.jpg,/content/data/images/B0B4DKQSDV.jpg,276,300,0.92,0.03425025939941406
B0GTDBXDZT,https://m.media-amazon.com/images/I/81jucfJ0-vL._AC_SY300_SX300_QL70_FMwebp_.jpg,B0GTDBXDZT.jpg,/content/data/images/B0GTDBXDZT.jpg,263,300,0.8766666666666667,0.03363609313964844
B003O2RXUQ,https://m.media-amazon.com/images/I/81YawIEFrGL._AC_SX425_.jpg,B003O2RXUQ.jpg,/content/data/images/B003O2RXUQ.jpg,425,491,0.8655804480651731,0.055916786193847656
B0GVMVB1C6,https://m.media-amazon.com/images/I/81pFwSn5q-L._AC_SY300_SX300_QL70_FMwebp_.jpg,B0GVMVB1C6.jpg,/content/data/images/B0GVMVB1C6.jpg,270,300,0.9,0.042105674743652344
B0D842FXFX,https://m.media-amazon.com/images/I/61V3uMlIuRL._AC_SX425_.jpg,B0D842FXFX.jpg,/content/data/images/B0D842FXFX.jpg,425,326,1.303680981595092,0.02619171142578125
B0967ZVMPK,https://m.media-amazon.com/images/I/81qukShOx9L._AC_SX425_.jpg,B0967ZVMPK.jpg,/content/data/images/B0967ZVMPK.jpg,425,559,0.7602862254025045,0.04027080535888672
B0D6W9DDWW,https://m.media-amazon.com/images/I/71yEypbZOML._AC_SX425_.jpg,B0D6W9DDWW.jpg,/content/data/images/B0D6W9DDWW.jpg,425,428,0.9929906542056075,0.056464195251464844
B0CWS28VK1,https://m.media-amazon.com/images/I/81kEMXYKVFL._AC_SX425_.jpg,B0CWS28VK1.jpg,/content/data/images/B0CWS28VK1.jpg,425,429,0.9906759906759907,0.046421051025390625
B0D1KDFG6J,https://m.media-amazon.com/images/I/81EFT9lASFL._AC_SY300_SX300_QL70_FMwebp_.jpg,B0D1KDFG6J.jpg,/content/data/images/B0D1KDFG6J.jpg,280,300,0.9333333333333333,0.03497886657714844
B01BHL3DCC,https://m.media-amazon.com/images/I/810ZUATQekL._AC_SY300_SX300_QL70_FMwebp_.jpg,B01BHL3DCC.jpg,/content/data/images/B01BHL3DCC.jpg,299,300,0.9966666666666667,0.030757904052734375
B0BWYLWWC1,https://m.media-amazon.com/images/I/71SOg4JtFEL._AC_SY300_SX300_QL70_FMwebp_.jpg,B0BWYLWWC1.jpg,/content/data/images/B0BWYLWWC1.jpg,300,300,1.0,0.02830028533935547
B0F9YKXCN8,https://m.media-amazon.com/images/I/71x0jE8vBsL._AC_SY300_SX300_QL70_FMwebp_.jpg,B0F9YKXCN8.jpg,/content/data/images/B0F9YKXCN8.jpg,284,300,0.9466666666666667,0.030920982360839844
B0B28NNN7L,https://m.media-amazon.com/images/I/81kr4gvE8xL._AC_SX425_.jpg,B0B28NNN7L.jpg,/content/data/images/B0B28NNN7L.jpg,425,439,0.9681093394077449,0.03748607635498047
B0F9NXFRR6,https://m.media-amazon.com/images/I/81dhh05QkoL._AC_SY300_SX300_QL70_FMwebp_.jpg,B0F9NXFRR6.jpg,/content/data/images/B0F9NXFRR6.jpg,269,300,0.8966666666666666,0.05296134948730469
B0F442Q49M,https://m.media-amazon.com/images/I/81cBe3rSBPL._AC_SY300_SX300_QL70_FMwebp_.jpg,B0F442Q49M.jpg,/content/data/images/B0F442Q49M.jpg,246,300,0.82,0.04407310485839844
B0D59QPZXB,https://m.media-amazon.com/images/I/81hEGxsZYNL._AC_SY300_SX300_QL70_FMwebp_.jpg,B0D59QPZXB.jpg,/content/data/images/B0D59QPZXB.jpg,269,300,0.8966666666666666,0.029973983764648438
B00D3OR58A,https://m.media-amazon.com/images/I/71weJCNs6vL._AC_SX425_.jpg,B00D3OR58A.jpg,/content/data/images/B00D3OR58A.jpg,425,432,0.9837962962962963,0.06404399871826172
8883707168,https://m.media-amazon.com/images/I/81wnidjYT4L._SY466_.jpg,8883707168.jpg,/content/data/images/8883707168.jpg,268,466,0.575107296137339,0.02127552032470703
B0CG28KM9Y,https://m.media-amazon.com/images/I/81yhs4x9L5L._AC_SX425_.jpg,B0CG28KM9Y.jpg,/content/data/images/B0CG28KM9Y.jpg,425,476,0.8928571428571429,0.032217979431152344
B071NRXVBP,https://m.media-amazon.com/images/I/81d0AyFHWbL._AC_SY300_SX300_QL70_FMwebp_.jpg,B071NRXVBP.jpg,/content/data/images/B071NRXVBP.jpg,280,300,0.9333333333333333,0.04527091979980469
B0CLVBLNQC,https://m.media-amazon.com/images/I/81xzm1KGveL._AC_SX425_.jpg,B0CLVBLNQC.jpg,/content/data/images/B0CLVBLNQC.jpg,425,398,1.0678391959798994,0.022821426391601562
B0F2FJFF5C,https://m.media-amazon.com/images/I/816bH+AZSQL._AC_SY300_SX300_QL70_FMwebp_.jpg,B0F2FJFF5C.jpg,/content/data/images/B0F2FJFF5C.jpg,279,300,0.93,0.044440269470214844
B0DYMVBK1D,https://m.media-amazon.com/images/I/71BU+d6-zTL._AC_SY450_.jpg,B0DYMVBK1D.jpg,/content/data/images/B0DYMVBK1D.jpg,443,450,0.9844444444444445,0.04416084289550781
B0BZ3F5DCM,https://m.media-amazon.com/images/I/8180s0W3NeL._AC_SY300_SX300_QL70_FMwebp_.jpg,B0BZ3F5DCM.jpg,/content/data/images/B0BZ3F5DCM.jpg,300,288,1.0416666666666667,0.028092384338378906
B08FC2VFLF,https://m.media-amazon.com/images/I/816nygXUpdL._AC_SX425_.jpg,B08FC2VFLF.jpg,/content/data/images/B08FC2VFLF.jpg,425,476,0.8928571428571429,0.02985382080078125
B0GPFKDGK8,https://m.media-amazon.com/images/I/71HEdJESgDL._AC_SY300_SX300_QL70_FMwebp_.jpg,B0GPFKDGK8.jpg,/content/data/images/B0GPFKDGK8.jpg,256,300,0.8533333333333334,0.022866249084472656
B07ZHNKGVC,https://m.media-amazon.com/images/I/714regvNq8L._AC_SX425_.jpg,B07ZHNKGVC.jpg,/content/data/images/B07ZHNKGVC.jpg,425,547,0.7769652650822669,0.11291694641113281
B0C8JZ57R1,https://m.media-amazon.com/images/I/71LCHGaJPSL._AC_SX425_.jpg,B0C8JZ57R1.jpg,/content/data/images/B0C8JZ57R1.jpg,425,407,1.0442260442260443,0.03747081756591797
B07DPLQMF9,https://m.media-amazon.com/images/I/71l5uncdbcL._AC_SY300_SX300_QL70_FMwebp_.jpg,B07DPLQMF9.jpg,/content/data/images/B07DPLQMF9.jpg,262,300,0.8733333333333333,0.030455589294433594
B0CN3SKN8M,https://m.media-amazon.com/images/I/71qTv4Xj1tL._AC_SX425_.jpg,B0CN3SKN8M.jpg,/content/data/images/B0CN3SKN8M.jpg,425,435,0.9770114942528736,0.06818675994873047
B0BXX1TJC8,https://m.media-amazon.com/images/I/71sbRdRo1wL._AC_SX425_.jpg,B0BXX1TJC8.jpg,/content/data/images/B0BXX1TJC8.jpg,425,402,1.0572139303482586,0.03965950012207031
B08KCVRL2V,https://m.media-amazon.com/images/I/81GjtWP2AWL._AC_SY300_SX300_QL70_FMwebp_.jpg,B08KCVRL2V.jpg,/content/data/images/B08KCVRL2V.jpg,288,300,0.96,0.0640411376953125
B0DHRYBNDG,https://m.media-amazon.com/images/I/815Ll6CTf7L._AC_SX425_.jpg,B0DHRYBNDG.jpg,/content/data/images/B0DHRYBNDG.jpg,425,426,0.9976525821596244,0.06846904754638672
B0G5PLHR14,https://m.media-amazon.com/images/I/71xTFfq369L._AC_SY300_SX300_QL70_FMwebp_.jpg,B0G5PLHR14.jpg,/content/data/images/B0G5PLHR14.jpg,300,300,1.0,0.02831554412841797
B0BVG2WPX6,https://m.media-amazon.com/images/I/61T75+CK2cL._AC_SX425_.jpg,B0BVG2WPX6.jpg,/content/data/images/B0BVG2WPX6.jpg,425,440,0.9659090909090909,0.02377033233642578
B001F38YWM,https://m.media-amazon.com/images/I/81tSZtO-3yL._AC_SX425_.jpg,B001F38YWM.jpg,/content/data/images/B001F38YWM.jpg,425,559,0.7602862254025045,0.13273906707763672
B0C23S36QF,https://m.media-amazon.com/images/I/81j4Ineb4cL._AC_SY300_SX300_QL70_FMwebp_.jpg,B0C23S36QF.jpg,/content/data/images/B0C23S36QF.jpg,213,300,0.71,0.02753448486328125
B07ZN5PKP7,https://m.media-amazon.com/images/I/81cM36kp1jL._AC_SY300_SX300_QL70_FMwebp_.jpg,B07ZN5PKP7.jpg,/content/data/images/B07ZN5PKP7.jpg,233,300,0.7766666666666666,0.03085613250732422
B0CLVDTRQQ,https://m.media-amazon.com/images/I/91GU3rqPjyL._AC_SY300_SX300_QL70_FMwebp_.jpg,B0CLVDTRQQ.jpg,/content/data/images/B0CLVDTRQQ.jpg,300,275,1.0909090909090908,0.021181106567382812
B09W3Q33WN,https://m.media-amazon.com/images/I/615ckpjrbjL._AC_SX425_.jpg,B09W3Q33WN.jpg,/content/data/images/B09W3Q33WN.jpg,425,426,0.9976525821596244,0.026868820190429688
B004K6LHF2,https://m.media-amazon.com/images/I/71L2bqAx9xL._AC_SX425_.jpg,B004K6LHF2.jpg,/content/data/images/B004K6LHF2.jpg,425,487,0.8726899383983573,0.053539276123046875
B083QFCTTT,https://m.media-amazon.com/images/I/81bOYTpJ4zL._AC_SX425_.jpg,B083QFCTTT.jpg,/content/data/images/B083QFCTTT.jpg,425,695,0.6115107913669064,0.061878204345703125
B0DCKP1VJF,https://m.media-amazon.com/images/I/81mIuXUh6qL._AC_SY300_SX300_QL70_FMwebp_.jpg,B0DCKP1VJF.jpg,/content/data/images/B0DCKP1VJF.jpg,271,300,0.9033333333333333,0.052931785583496094
B0F44147Z9,https://m.media-amazon.com/images/I/81r5yyOfmXL._AC_SY300_SX300_QL70_FMwebp_.jpg,B0F44147Z9.jpg,/content/data/images/B0F44147Z9.jpg,252,300,0.84,0.03804969787597656
B09V1254RZ,https://m.media-amazon.com/images/I/61BlI6+6GzL._AC_SY300_SX300_QL70_FMwebp_.jpg,B09V1254RZ.jpg,/content/data/images/B09V1254RZ.jpg,269,300,0.8966666666666666,0.019716262817382812
B0F9WDY38C,https://m.media-amazon.com/images/I/71eeImN9ILL._AC_SX425_.jpg,B0F9WDY38C.jpg,/content/data/images/B0F9WDY38C.jpg,425,591,0.7191201353637902,0.046584129333496094
B0CX1RDX77,https://m.media-amazon.com/images/I/71QDv7hoTpL._AC_SX425_.jpg,B0CX1RDX77.jpg,/content/data/images/B0CX1RDX77.jpg,425,458,0.9279475982532751,0.04982757568359375
B0F38F2GF7,https://m.media-amazon.com/images/I/81Erp9RVlkL._AC_SX425_.jpg,B0F38F2GF7.jpg,/content/data/images/B0F38F2GF7.jpg,425,423,1.0047281323877069,0.05161762237548828
B0C1Z48WKW,https://m.media-amazon.com/images/I/71zZAhV-UZL._AC_SY300_SX300_QL70_FMwebp_.jpg,B0C1Z48WKW.jpg,/content/data/images/B0C1Z48WKW.jpg,268,300,0.8933333333333333,0.023336410522460938
B07L4GSGWD,https://m.media-amazon.com/images/I/81Gh9BSOO+L._AC_SX425_.jpg,B07L4GSGWD.jpg,/content/data/images/B07L4GSGWD.jpg,425,476,0.8928571428571429,0.031111717224121094
B07B422G13,https://m.media-amazon.com/images/I/613LIIH2peL._AC_SX500_.jpg,B07B422G13.jpg,/content/data/images/B07B422G13.jpg,500,306,1.6339869281045751,0.03557014465332031
B0B89H61L5,https://m.media-amazon.com/images/I/71pbBRkXknL._AC_SX500_.jpg,B0B89H61L5.jpg,/content/data/images/B0B89H61L5.jpg,500,325,1.5384615384615385,0.03542613983154297
B0F2G217VL,https://m.media-amazon.com/images/I/719kYhmp+1L._AC_SY500_.jpg,B0F2G217VL.jpg,/content/data/images/B0F2G217VL.jpg,507,500,1.014,0.05185222625732422
B014GNJS22,https://m.media-amazon.com/images/I/712CdEdGD9L._AC_SY500_.jpg,B014GNJS22.jpg,/content/data/images/B014GNJS22.jpg,717,500,1.434,0.07338333129882812
B0CK3BZBCM,https://m.media-amazon.com/images/I/81C5MapV2QL._AC_SX500_.jpg,B0CK3BZBCM.jpg,/content/data/images/B0CK3BZBCM.jpg,500,314,1.5923566878980893,0.05092430114746094
B0B9BN89HB,https://m.media-amazon.com/images/I/81I7yQPNyjL._AC_SX500_.jpg,B0B9BN89HB.jpg,/content/data/images/B0B9BN89HB.jpg,500,329,1.5197568389057752,0.055205345153808594
B0BZXTB2RJ,https://m.media-amazon.com/images/I/61OAh281n3L._AC_SY500_.jpg,B0BZXTB2RJ.jpg,/content/data/images/B0BZXTB2RJ.jpg,1066,500,2.132,0.10566139221191406
B07B41HCNT,https://m.media-amazon.com/images/I/61p6oqRqYQL._AC_SX500_.jpg,B07B41HCNT.jpg,/content/data/images/B07B41HCNT.jpg,500,288,1.7361111111111112,0.031194686889648438
B077ZF7B7R,https://m.media-amazon.com/images/I/71MVZsPRzeL._AC_SY500_.jpg,B077ZF7B7R.jpg,/content/data/images/B077ZF7B7R.jpg,753,500,1.506,0.05392932891845703
B0DT1JJQH4,https://m.media-amazon.com/images/I/51AMW3KWC6L._AC_SY500_.jpg,B0DT1JJQH4.jpg,/content/data/images/B0DT1JJQH4.jpg,1000,449,2.2271714922048997,0.07856369018554688
B09YBF976L,https://m.media-amazon.com/images/I/51dKunrI1XL._AC_SY500_.jpg,B09YBF976L.jpg,/content/data/images/B09YBF976L.jpg,785,425,1.8470588235294119,0.09461593627929688
B0C9VVY37G,https://m.media-amazon.com/images/I/71HWGpK8SpL._AC_SY500_.jpg,B0C9VVY37G.jpg,/content/data/images/B0C9VVY37G.jpg,1003,500,2.006,0.08700180053710938
B0DNTV4CQ5,https://m.media-amazon.com/images/I/715H57HLRbL._AC_SY500_.jpg,B0DNTV4CQ5.jpg,/content/data/images/B0DNTV4CQ5.jpg,872,500,1.744,0.09039306640625
B0CL7RDRRT,https://m.media-amazon.com/images/I/71D8bDU-IVL._AC_SY500_.jpg,B0CL7RDRRT.jpg,/content/data/images/B0CL7RDRRT.jpg,1011,500,2.022,0.11691093444824219
B0F4LQRJJK,https://m.media-amazon.com/images/I/712-gast0cL._AC_SY500_.jpg,B0F4LQRJJK.jpg,/content/data/images/B0F4LQRJJK.jpg,807,500,1.614,0.09053516387939453
B000ARIVG8,https://m.media-amazon.com/images/I/81RZaolzogL._AC_SX500_.jpg,B000ARIVG8.jpg,/content/data/images/B000ARIVG8.jpg,500,410,1.2195121951219512,0.05525779724121094
B00DJSRMBK,https://m.media-amazon.com/images/I/81SQctflxQL._AC_SX500_.jpg,B00DJSRMBK.jpg,/content/data/images/B00DJSRMBK.jpg,500,346,1.4450867052023122,0.0670166015625
B0GT2B58ST,https://m.media-amazon.com/images/I/71M723-6uWL._AC_SY500_.jpg,B0GT2B58ST.jpg,/content/data/images/B0GT2B58ST.jpg,753,500,1.506,0.05041027069091797
B0059WSTKC,https://m.media-amazon.com/images/I/617uxkYXyWL._AC_SY500_.jpg,B0059WSTKC.jpg,/content/data/images/B0059WSTKC.jpg,948,500,1.896,0.05312538146972656
B0G4XB3L4M,https://m.media-amazon.com/images/I/71oAhXqNTZL._AC_SY500_.jpg,B0G4XB3L4M.jpg,/content/data/images/B0G4XB3L4M.jpg,895,500,1.79,0.08567428588867188
B0FV7FDJ1T,https://m.media-amazon.com/images/I/61-bf30q+ML._AC_SY500_.jpg,B0FV7FDJ1T.jpg,/content/data/images/B0FV7FDJ1T.jpg,1057,500,2.114,0.11314773559570312
B0GY1H4MBY,https://m.media-amazon.com/images/I/71kiFUoh1cL._AC_SY500_.jpg,B0GY1H4MBY.jpg,/content/data/images/B0GY1H4MBY.jpg,402,500,0.804,0.04072856903076172
B0F4M35SDZ,https://m.media-amazon.com/images/I/711Ziv-LT4L._AC_SY500_.jpg,B0F4M35SDZ.jpg,/content/data/images/B0F4M35SDZ.jpg,886,500,1.772,0.14527320861816406
B0DDRJH4FQ,https://m.media-amazon.com/images/I/71Qy1aVTXjL._AC_SX500_.jpg,B0DDRJH4FQ.jpg,/content/data/images/B0DDRJH4FQ.jpg,500,334,1.4970059880239521,0.04743003845214844
B0CMQLKP9J,https://m.media-amazon.com/images/I/61ht794ESNL._AC_SY500_.jpg,B0CMQLKP9J.jpg,/content/data/images/B0CMQLKP9J.jpg,892,500,1.784,0.12279510498046875
B0G459XG71,https://m.media-amazon.com/images/I/81ySrJpAf2L._AC_SY500_.jpg,B0G459XG71.jpg,/content/data/images/B0G459XG71.jpg,483,500,0.966,0.05464363098144531
B0G6T81L8M,https://m.media-amazon.com/images/I/71WVEc3tlWL._AC_SY500_.jpg,B0G6T81L8M.jpg,/content/data/images/B0G6T81L8M.jpg,484,500,0.968,0.05379009246826172
B0F4WY29V3,https://m.media-amazon.com/images/I/61s6Tf4C9oL._AC_SY675_.jpg,B0F4WY29V3.jpg,/content/data/images/B0F4WY29V3.jpg,1468,664,2.210843373493976,0.2329111099243164
B0GMG9MBPW,https://m.media-amazon.com/images/I/51vkwvUh79L._AC_SX500_.jpg,B0GMG9MBPW.jpg,/content/data/images/B0GMG9MBPW.jpg,500,297,1.6835016835016836,0.025048255920410156
B0D5SJKN4N,https://m.media-amazon.com/images/I/616IuFCNI6L._AC_SY500_.jpg,B0D5SJKN4N.jpg,/content/data/images/B0D5SJKN4N.jpg,528,500,1.056,0.053928375244140625
B0CTJ4P8CH,https://m.media-amazon.com/images/I/71m1War36JL._AC_SX500_.jpg,B0CTJ4P8CH.jpg,/content/data/images/B0CTJ4P8CH.jpg,500,244,2.0491803278688523,0.0330810546875
B07BKLXNC7,https://m.media-amazon.com/images/I/81wjCtEL03L._AC_SX500_.jpg,B07BKLXNC7.jpg,/content/data/images/B07BKLXNC7.jpg,500,300,1.6666666666666667,0.05470085144042969
B0F2S8DB34,https://m.media-amazon.com/images/I/71zhz2clmxL._AC_SX500_.jpg,B0F2S8DB34.jpg,/content/data/images/B0F2S8DB34.jpg,500,302,1.6556291390728477,0.03176403045654297
B0DHLJS6KB,https://m.media-amazon.com/images/I/81xiCSqLcoL._AC_SX500_.jpg,B0DHLJS6KB.jpg,/content/data/images/B0DHLJS6KB.jpg,500,318,1.5723270440251573,0.050362586975097656
B0G5BS3RLS,https://m.media-amazon.com/images/I/715OWJRUqQL._AC_SY500_.jpg,B0G5BS3RLS.jpg,/content/data/images/B0G5BS3RLS.jpg,884,500,1.768,0.0873565673828125
B0FV7675ZV,https://m.media-amazon.com/images/I/61qeS1ledwL._AC_SY500_.jpg,B0FV7675ZV.jpg,/content/data/images/B0FV7675ZV.jpg,1027,500,2.054,0.11855792999267578
B0CCPNR1BL,https://m.media-amazon.com/images/I/71hAQ9igC2L._AC_SY500_.jpg,B0CCPNR1BL.jpg,/content/data/images/B0CCPNR1BL.jpg,761,500,1.522,0.06402778625488281
B0DK5ZR1LS,https://m.media-amazon.com/images/I/61owVYMg-XL._AC_SY500_.jpg,B0DK5ZR1LS.jpg,/content/data/images/B0DK5ZR1LS.jpg,710,500,1.42,0.04180908203125
B09Z7399J2,https://m.media-amazon.com/images/I/71xpFAXjvwL._AC_SY500_.jpg,B09Z7399J2.jpg,/content/data/images/B09Z7399J2.jpg,825,500,1.65,0.06727790832519531
B0FHJG27F1,https://m.media-amazon.com/images/I/81HCZzlrxOL._AC_SY500_.jpg,B0FHJG27F1.jpg,/content/data/images/B0FHJG27F1.jpg,523,500,1.046,0.09383869171142578
B0D6CKVZ6F,https://m.media-amazon.com/images/I/81QdNBzRhML._AC_SY500_.jpg,B0D6CKVZ6F.jpg,/content/data/images/B0D6CKVZ6F.jpg,1023,500,2.046,0.1672496795654297
B0FJL8TBX8,https://m.media-amazon.com/images/I/7127EaJk5ZL._AC_SX500_.jpg,B0FJL8TBX8.jpg,/content/data/images/B0FJL8TBX8.jpg,500,298,1.6778523489932886,0.035004615783691406
B0DQ8SXR6V,https://m.media-amazon.com/images/I/61E2-ArGMmL._AC_SY500_.jpg,B0DQ8SXR6V.jpg,/content/data/images/B0DQ8SXR6V.jpg,859,500,1.718,0.05374908447265625
B0CNY4XXGT,https://m.media-amazon.com/images/I/71KgqE+6P2L._AC_SX500_.jpg,B0CNY4XXGT.jpg,/content/data/images/B0CNY4XXGT.jpg,500,367,1.3623978201634876,0.03244304656982422
B0G2GQHPMH,https://m.media-amazon.com/images/I/71NLsl9bM1L._AC_SY500_.jpg,B0G2GQHPMH.jpg,/content/data/images/B0G2GQHPMH.jpg,521,500,1.042,0.053023338317871094
B0FBZWDRRP,https://m.media-amazon.com/images/I/71aOrxViPvL._AC_SY500_.jpg,B0FBZWDRRP.jpg,/content/data/images/B0FBZWDRRP.jpg,501,500,1.002,0.05098247528076172
B0DC9M8YPB,https://m.media-amazon.com/images/I/71zBLG3QHKL._AC_SX500_.jpg,B0DC9M8YPB.jpg,/content/data/images/B0DC9M8YPB.jpg,500,344,1.4534883720930232,0.03578948974609375
B0CDJ9X577,https://m.media-amazon.com/images/I/61TTMEUd-NL._AC_SX500_.jpg,B0CDJ9X577.jpg,/content/data/images/B0CDJ9X577.jpg,500,319,1.567398119122257,0.03307533264160156
B0FSRFYC4C,https://m.media-amazon.com/images/I/61eUreo0rQL._AC_SX679_.jpg,B0FSRFYC4C.jpg,/content/data/images/B0FSRFYC4C.jpg,679,853,0.7960140679953107,0.11629581451416016
B0D8VP2Y1X,https://m.media-amazon.com/images/I/61CRwwmoGyL._AC_SX342_SY445_QL70_FMwebp_.jpg,B0D8VP2Y1X.jpg,/content/data/images/B0D8VP2Y1X.jpg,342,333,1.027027027027027,0.033020973205566406
B0CHYWN5W6,"https://m.media-amazon.com/images/I/71BTDKBbkFL._AC_SX679_PIbundle-6,TopRight,0,0_SH20_.jpg",B0CHYWN5W6.jpg,/content/data/images/B0CHYWN5W6.jpg,679,664,1.0225903614457832,0.10889434814453125
B000YBFJQU,https://m.media-amazon.com/images/I/61jKEgARe5L._AC_SX679_.jpg,B000YBFJQU.jpg,/content/data/images/B000YBFJQU.jpg,679,727,0.9339752407152683,0.06818771362304688
B0F66HVPDY,https://m.media-amazon.com/images/I/81xT5CL6ROL._AC_SX342_SY445_QL70_FMwebp_.jpg,B0F66HVPDY.jpg,/content/data/images/B0F66HVPDY.jpg,342,355,0.9633802816901409,0.0703887939453125
B01M7TTA2S,https://m.media-amazon.com/images/I/71l2RQCha7L._AC_SX522_.jpg,B01M7TTA2S.jpg,/content/data/images/B01M7TTA2S.jpg,522,538,0.9702602230483272,0.06415748596191406
B0CC5Q5QRR,https://m.media-amazon.com/images/I/618qJGwnTdL._AC_SX342_SY445_QL70_FMwebp_.jpg,B0CC5Q5QRR.jpg,/content/data/images/B0CC5Q5QRR.jpg,342,432,0.7916666666666666,0.04263496398925781
B07GH691SQ,https://m.media-amazon.com/images/I/51z8CP0+oJL._AC_SX679_.jpg,B07GH691SQ.jpg,/content/data/images/B07GH691SQ.jpg,679,1095,0.6200913242009133,0.07684040069580078
B01N0RSC4K,https://m.media-amazon.com/images/I/51U2PQpWvEL._AC_SY606_.jpg,B01N0RSC4K.jpg,/content/data/images/B01N0RSC4K.jpg,405,606,0.6683168316831684,0.028532981872558594
B07RZVN1G6,"https://m.media-amazon.com/images/I/61ljsLuEQrS._AC_SX679_PIbundle-300,TopRight,0,0_SH20_.jpg",B07RZVN1G6.jpg,/content/data/images/B07RZVN1G6.jpg,679,388,1.75,0.033596038818359375
B0GWR4XW6C,https://m.media-amazon.com/images/I/81KbO8oRy-L._AC_SX342_SY445_QL70_FMwebp_.jpg,B0GWR4XW6C.jpg,/content/data/images/B0GWR4XW6C.jpg,342,420,0.8142857142857143,0.07286930084228516
B0GR8NM59C,https://m.media-amazon.com/images/I/81wmzNFAK4L._AC_SX342_SY445_QL70_FMwebp_.jpg,B0GR8NM59C.jpg,/content/data/images/B0GR8NM59C.jpg,342,342,1.0,0.06749820709228516
B0CC98RMFT,https://m.media-amazon.com/images/I/71OCKV7X16L._AC_SX342_SY445_QL70_FMwebp_.jpg,B0CC98RMFT.jpg,/content/data/images/B0CC98RMFT.jpg,342,334,1.0239520958083832,0.05632305145263672
B0B3SD7MT4,https://m.media-amazon.com/images/I/519ltAeo3jL._AC_SX679_.jpg,B0B3SD7MT4.jpg,/content/data/images/B0B3SD7MT4.jpg,679,680,0.9985294117647059,0.08442306518554688
B0H7FJH1PK,https://m.media-amazon.com/images/I/71zUTbbajGL._AC_SX342_SY445_QL70_FMwebp_.jpg,B0H7FJH1PK.jpg,/content/data/images/B0H7FJH1PK.jpg,342,342,1.0,0.0256500244140625
B0D8VR4BTZ,https://m.media-amazon.com/images/I/61Qt2doGKjL._AC_SX679_.jpg,B0D8VR4BTZ.jpg,/content/data/images/B0D8VR4BTZ.jpg,679,674,1.0074183976261128,0.07339191436767578
B0BYYHSMHS,https://m.media-amazon.com/images/I/51R+RcU1zwL._AC_SX342_SY445_QL70_FMwebp_.jpg,B0BYYHSMHS.jpg,/content/data/images/B0BYYHSMHS.jpg,342,336,1.0178571428571428,0.019601821899414062
B0F3DQSZKT,https://m.media-amazon.com/images/I/61-uZhlKH2L._AC_SX569_.jpg,B0F3DQSZKT.jpg,/content/data/images/B0F3DQSZKT.jpg,569,1051,0.5413891531874405,0.10889720916748047
B0DSX4KX8D,https://m.media-amazon.com/images/I/61yCcSfGXrL._SX522_.jpg,B0DSX4KX8D.jpg,/content/data/images/B0DSX4KX8D.jpg,522,522,1.0,0.02467632293701172
B0CYJZMSV3,https://m.media-amazon.com/images/I/617-Jvq+qeL._AC_SY606_.jpg,B0CYJZMSV3.jpg,/content/data/images/B0CYJZMSV3.jpg,1097,606,1.8102310231023102,0.11936187744140625
B0GTRLDS9Z,https://m.media-amazon.com/images/I/71ON5tJnyvL._AC_SX342_SY445_QL70_FMwebp_.jpg,B0GTRLDS9Z.jpg,/content/data/images/B0GTRLDS9Z.jpg,342,345,0.991304347826087,0.042525291442871094
B0GSCMLHK4,https://m.media-amazon.com/images/I/61qkyby5-UL._AC_SX342_SY445_QL70_FMwebp_.jpg,B0GSCMLHK4.jpg,/content/data/images/B0GSCMLHK4.jpg,342,341,1.002932551319648,0.031019210815429688
B0BVCXZL45,https://m.media-amazon.com/images/I/41WY+piyH-L._AC_SX679_.jpg,B0BVCXZL45.jpg,/content/data/images/B0BVCXZL45.jpg,632,616,1.025974025974026,0.04696083068847656
B08XZ3HWF3,https://m.media-amazon.com/images/I/81r+AVL2TKL._AC_SX342_SY445_QL70_FMwebp_.jpg,B08XZ3HWF3.jpg,/content/data/images/B08XZ3HWF3.jpg,342,342,1.0,0.05930042266845703
B0DZFGTCLR,https://m.media-amazon.com/images/I/71t96oyL+UL._AC_SY300_SX300_QL70_FMwebp_.jpg,B0DZFGTCLR.jpg,/content/data/images/B0DZFGTCLR.jpg,231,300,0.77,0.022832870483398438
B0F3DRTCB2,https://m.media-amazon.com/images/I/71fOZVsj4XL._AC_SX342_SY445_QL70_FMwebp_.jpg,B0F3DRTCB2.jpg,/content/data/images/B0F3DRTCB2.jpg,240,445,0.5393258426966292,0.038829803466796875
B0CR7LYL7W,"https://m.media-amazon.com/images/I/61XckOtASFL._AC_SX679_PIbundle-36,TopRight,0,0_SH20_.jpg",B0CR7LYL7W.jpg,/content/data/images/B0CR7LYL7W.jpg,679,667,1.0179910044977512,0.06920909881591797
B0F3F2XPW1,https://m.media-amazon.com/images/I/61BV9JjXxKL._AC_SX569_.jpg,B0F3F2XPW1.jpg,/content/data/images/B0F3F2XPW1.jpg,569,1052,0.5408745247148289,0.10138893127441406
B08J1W22JN,https://m.media-amazon.com/images/I/61LYM69l8IL._AC_SX679_.jpg,B08J1W22JN.jpg,/content/data/images/B08J1W22JN.jpg,501,965,0.5191709844559586,0.1369485855102539
B0CTJGJL2T,https://m.media-amazon.com/images/I/810vcJJDrkL._AC_SY300_SX300_QL70_FMwebp_.jpg,B0CTJGJL2T.jpg,/content/data/images/B0CTJGJL2T.jpg,231,300,0.77,0.02535533905029297
B0DP74YCXR,https://m.media-amazon.com/images/I/81+FVayXtSL._AC_SX342_SY445_QL70_FMwebp_.jpg,B0DP74YCXR.jpg,/content/data/images/B0DP74YCXR.jpg,342,342,1.0,0.04734039306640625
B0CJ2STB79,"https://m.media-amazon.com/images/I/71J3f9mQwEL._AC_SX679_PIbundle-100,TopRight,0,0_SH20_.jpg",B0CJ2STB79.jpg,/content/data/images/B0CJ2STB79.jpg,679,651,1.043010752688172,0.12735366821289062
B005O91CUE,https://m.media-amazon.com/images/I/71alXlnQq4L._AC_SX522_.jpg,B005O91CUE.jpg,/content/data/images/B005O91CUE.jpg,522,494,1.05668016194332,0.06152915954589844
B0H13SBHS1,https://m.media-amazon.com/images/I/71tFTlfeACL._AC_SX342_SY445_QL70_FMwebp_.jpg,B0H13SBHS1.jpg,/content/data/images/B0H13SBHS1.jpg,342,349,0.9799426934097422,0.04993915557861328
B098F5CC4N,https://m.media-amazon.com/images/I/61rti0vy82L._AC_SX522_.jpg,B098F5CC4N.jpg,/content/data/images/B098F5CC4N.jpg,522,531,0.9830508474576272,0.04222583770751953
B08R5Z9LXX,https://m.media-amazon.com/images/I/8100ewwCvnL._AC_SX342_SY445_QL70_FMwebp_.jpg,B08R5Z9LXX.jpg,/content/data/images/B08R5Z9LXX.jpg,342,428,0.7990654205607477,0.04512310028076172
B09D9XLZ3Q,https://m.media-amazon.com/images/I/71amZVmhv1L._AC_SY300_SX300_QL70_FMwebp_.jpg,B09D9XLZ3Q.jpg,/content/data/images/B09D9XLZ3Q.jpg,287,300,0.9566666666666667,0.024445533752441406
B0F3DPXQP1,https://m.media-amazon.com/images/I/71Z42Yzlc5L._AC_SX569_.jpg,B0F3DPXQP1.jpg,/content/data/images/B0F3DPXQP1.jpg,569,1055,0.5393364928909953,0.11231040954589844
B07GH691SM,https://m.media-amazon.com/images/I/51nsAvPf7DL._AC_SX342_SY445_QL70_FMwebp_.jpg,B07GH691SM.jpg,/content/data/images/B07GH691SM.jpg,342,346,0.9884393063583815,0.025722503662109375
B0F3DQ4Z9J,https://m.media-amazon.com/images/I/71MZId5sdsL._AC_SX342_SY445_QL70_FMwebp_.jpg,B0F3DQ4Z9J.jpg,/content/data/images/B0F3DQ4Z9J.jpg,240,445,0.5393258426966292,0.03596973419189453
B0DYMW78WD,https://m.media-amazon.com/images/I/71VXfFhNJuL._AC_SX679_.jpg,B0DYMW78WD.jpg,/content/data/images/B0DYMW78WD.jpg,679,645,1.0527131782945736,0.08586978912353516
B001L2MD2E,https://m.media-amazon.com/images/I/712Jifg9k1L._AC_SY606_.jpg,B001L2MD2E.jpg,/content/data/images/B001L2MD2E.jpg,321,606,0.5297029702970297,0.045243263244628906
B002YX0GAA,https://m.media-amazon.com/images/I/61hGMkyW9wL._AC_SX679_.jpg,B002YX0GAA.jpg,/content/data/images/B002YX0GAA.jpg,518,991,0.5227043390514632,0.09870338439941406
B07982DFFD,https://m.media-amazon.com/images/I/51ypg3QDH0L._AC_SX522_.jpg,B07982DFFD.jpg,/content/data/images/B07982DFFD.jpg,522,483,1.0807453416149069,0.01604175567626953
B099XVDV91,https://m.media-amazon.com/images/I/71aeurUx+rL._AC_SY300_SX300_QL70_FMwebp_.jpg,B099XVDV91.jpg,/content/data/images/B099XVDV91.jpg,300,299,1.0033444816053512,0.03033161163330078
B0F3DR5P2W,https://m.media-amazon.com/images/I/71RFgS06f7L._AC_SX679_.jpg,B0F3DR5P2W.jpg,/content/data/images/B0F3DR5P2W.jpg,679,1259,0.5393169181890389,0.1373147964477539
B071NNRZTG,"https://m.media-amazon.com/images/I/61YNqaqEi8S._AC_SX679_PIbundle-12,TopRight,0,0_SH20_.jpg",B071NNRZTG.jpg,/content/data/images/B071NNRZTG.jpg,679,530,1.2811320754716982,0.04578971862792969
B08YFF5MXX,https://m.media-amazon.com/images/I/61jWfN+ronL._AC_SX679_.jpg,B08YFF5MXX.jpg,/content/data/images/B08YFF5MXX.jpg,679,837,0.8112305854241338,0.05862903594970703
B000FDZJBM,https://m.media-amazon.com/images/I/71De4V3ibqL._AC_SX679_.jpg,B000FDZJBM.jpg,/content/data/images/B000FDZJBM.jpg,679,912,0.7445175438596491,0.08006477355957031
B001DTSDEM,https://m.media-amazon.com/images/I/61qv-dg4gnL._SX425_.jpg,B001DTSDEM.jpg,/content/data/images/B001DTSDEM.jpg,425,425,1.0,0.05306053161621094
B075DVZBGV,https://m.media-amazon.com/images/I/61xi2HVP4hL._AC_SX679_.jpg,B075DVZBGV.jpg,/content/data/images/B075DVZBGV.jpg,679,742,0.9150943396226415,0.048165321350097656
B07V1M376X,https://m.media-amazon.com/images/I/31a8fFfLlKL._SY300_SX300_QL70_FMwebp_.jpg,B07V1M376X.jpg,/content/data/images/B07V1M376X.jpg,300,300,1.0,0.010564804077148438
B075DWT9KR,https://m.media-amazon.com/images/I/61KgrKrm8yL._AC_SX522_.jpg,B075DWT9KR.jpg,/content/data/images/B075DWT9KR.jpg,522,596,0.8758389261744967,0.04235267639160156
B0F3DQHQ9K,https://m.media-amazon.com/images/I/71hPifwAkJL._AC_SX679_.jpg,B0F3DQHQ9K.jpg,/content/data/images/B0F3DQHQ9K.jpg,679,1259,0.5393169181890389,0.12982559204101562
B0016R858U,https://m.media-amazon.com/images/I/71DvHwlo6jL._AC_SX679_.jpg,B0016R858U.jpg,/content/data/images/B0016R858U.jpg,679,592,1.1469594594594594,0.07753849029541016
B003U31MXS,https://m.media-amazon.com/images/I/71o03YlbfnL._AC_SX342_SY445_QL70_FMwebp_.jpg,B003U31MXS.jpg,/content/data/images/B003U31MXS.jpg,342,179,1.910614525139665,0.018148422241210938
B0CR7L79Q2,"https://m.media-amazon.com/images/I/81EMGMLiJ3L._AC_SX679_PIbundle-8,TopRight,0,0_SH20_.jpg",B0CR7L79Q2.jpg,/content/data/images/B0CR7L79Q2.jpg,679,704,0.9644886363636364,0.19684505462646484
B0D83HBHBM,https://m.media-amazon.com/images/I/71nqta9nynL._AC_SX342_SY445_QL70_FMwebp_.jpg,B0D83HBHBM.jpg,/content/data/images/B0D83HBHBM.jpg,342,361,0.9473684210526315,0.039997100830078125
B0F3DSJZ5H,https://m.media-amazon.com/images/I/71vgZ2aDASL._AC_SX679_.jpg,B0F3DSJZ5H.jpg,/content/data/images/B0F3DSJZ5H.jpg,679,1259,0.5393169181890389,0.13181209564208984
B0BKSKCYX7,https://m.media-amazon.com/images/I/51ABDkq99LL._AC_SY500_.jpg,B0BKSKCYX7.jpg,/content/data/images/B0BKSKCYX7.jpg,591,500,1.182,0.02966594696044922
B0F8HWPP54,https://m.media-amazon.com/images/I/61LLLCmozcL._AC_SX466_.jpg,B0F8HWPP54.jpg,/content/data/images/B0F8HWPP54.jpg,466,402,1.1592039800995024,0.03378868103027344
B07MW4R1X3,https://m.media-amazon.com/images/I/61KQXq71FJL._AC_SY500_.jpg,B07MW4R1X3.jpg,/content/data/images/B07MW4R1X3.jpg,581,500,1.162,0.045737266540527344
B0BKGPYDSZ,https://m.media-amazon.com/images/I/51sWHMZ6nmL._AC_SX466_.jpg,B0BKGPYDSZ.jpg,/content/data/images/B0BKGPYDSZ.jpg,466,178,2.6179775280898876,0.014742851257324219
B0F21DH46Q,https://m.media-amazon.com/images/I/715h8fzHhpL._AC_SX466_.jpg,B0F21DH46Q.jpg,/content/data/images/B0F21DH46Q.jpg,466,486,0.9588477366255144,0.050721168518066406
B0DHWXM4J5,https://m.media-amazon.com/images/I/61Y3uR6NaeL._AC_SX466_.jpg,B0DHWXM4J5.jpg,/content/data/images/B0DHWXM4J5.jpg,466,457,1.0196936542669583,0.04291725158691406
B0GZ448YMB,https://m.media-amazon.com/images/I/61NLThuoUxL._AC_SX466_.jpg,B0GZ448YMB.jpg,/content/data/images/B0GZ448YMB.jpg,466,276,1.6884057971014492,0.024443626403808594
B08R5DZKY9,https://m.media-amazon.com/images/I/71VEY5BKObL._AC_SX466_.jpg,B08R5DZKY9.jpg,/content/data/images/B08R5DZKY9.jpg,466,345,1.3507246376811595,0.030608177185058594
B0C5GTHLZ8,https://m.media-amazon.com/images/I/71TvKDyL9fL._AC_SY300_SX300_QL70_FMwebp_.jpg,B0C5GTHLZ8.jpg,/content/data/images/B0C5GTHLZ8.jpg,300,294,1.0204081632653061,0.03425312042236328
B0C7KYKTL5,https://m.media-amazon.com/images/I/71aBQnp4XbL._AC_SX466_.jpg,B0C7KYKTL5.jpg,/content/data/images/B0C7KYKTL5.jpg,466,433,1.0762124711316396,0.0670013427734375
B0H697L1GC,https://m.media-amazon.com/images/I/71jiPgI5P0L._AC_SX522_.jpg,B0H697L1GC.jpg,/content/data/images/B0H697L1GC.jpg,522,230,2.2695652173913046,0.026483535766601562
B07MRD7118,https://m.media-amazon.com/images/I/61UYi189EnL._AC_SY500_.jpg,B07MRD7118.jpg,/content/data/images/B07MRD7118.jpg,612,500,1.224,0.04544258117675781
B0C1NDGV2S,https://m.media-amazon.com/images/I/51wefDQw54L._AC_SX522_.jpg,B0C1NDGV2S.jpg,/content/data/images/B0C1NDGV2S.jpg,522,207,2.5217391304347827,0.01753711700439453
B07XCQ3Z8H,https://m.media-amazon.com/images/I/71LouOP0WBL._AC_SX466_.jpg,B07XCQ3Z8H.jpg,/content/data/images/B07XCQ3Z8H.jpg,466,513,0.9083820662768031,0.07661628723144531
B0C4Y32M4S,https://m.media-amazon.com/images/I/61ijUBufLNL._AC_SY500_.jpg,B0C4Y32M4S.jpg,/content/data/images/B0C4Y32M4S.jpg,516,500,1.032,0.04072284698486328
B000GLN15O,https://m.media-amazon.com/images/I/51s-bVdELWL._AC_SX500_.jpg,B000GLN15O.jpg,/content/data/images/B000GLN15O.jpg,500,202,2.4752475247524752,0.01714801788330078
B0D2X2KP7Q,https://m.media-amazon.com/images/I/71uIj+pZFdL._AC_SX385_.jpg,B0D2X2KP7Q.jpg,/content/data/images/B0D2X2KP7Q.jpg,385,361,1.0664819944598338,0.036518096923828125
B0F1TBXD8B,https://m.media-amazon.com/images/I/51HIggwgd-L._AC_SX466_.jpg,B0F1TBXD8B.jpg,/content/data/images/B0F1TBXD8B.jpg,466,160,2.9125,0.017050743103027344
B0F28L2J8G,https://m.media-amazon.com/images/I/71X9E3BFsUL._AC_SX385_.jpg,B0F28L2J8G.jpg,/content/data/images/B0F28L2J8G.jpg,385,426,0.903755868544601,0.044053077697753906
B0F5GQQKG7,https://m.media-amazon.com/images/I/71iCZCmhN6L._AC_SX385_.jpg,B0F5GQQKG7.jpg,/content/data/images/B0F5GQQKG7.jpg,385,472,0.815677966101695,0.04154396057128906
B0FWJFFRJH,https://m.media-amazon.com/images/I/71P4JxWFijL._AC_SX466_.jpg,B0FWJFFRJH.jpg,/content/data/images/B0FWJFFRJH.jpg,466,596,0.7818791946308725,0.04940509796142578
B07RBV936R,https://m.media-amazon.com/images/I/61MmA5AHnDL._AC_SX466_.jpg,B07RBV936R.jpg,/content/data/images/B07RBV936R.jpg,466,412,1.1310679611650485,0.028670310974121094
B0GVN98BP7,https://m.media-amazon.com/images/I/71uCkR1KwLL._AC_SX466_.jpg,B0GVN98BP7.jpg,/content/data/images/B0GVN98BP7.jpg,466,576,0.8090277777777778,0.05556488037109375
B09RZM9HDS,https://m.media-amazon.com/images/I/51zWjOIRtvL._AC_SX466_.jpg,B09RZM9HDS.jpg,/content/data/images/B09RZM9HDS.jpg,466,198,2.3535353535353534,0.016350746154785156
B09TQLWNL1,https://m.media-amazon.com/images/I/61Y8UqempKL._AC_SX522_.jpg,B09TQLWNL1.jpg,/content/data/images/B09TQLWNL1.jpg,522,210,2.4857142857142858,0.014880180358886719
B000FBO0DM,https://m.media-amazon.com/images/I/51CYFO-CiJL._AC_SX679_.jpg,B000FBO0DM.jpg,/content/data/images/B000FBO0DM.jpg,679,219,3.1004566210045663,0.024422645568847656
B0D97BWLZ4,https://m.media-amazon.com/images/I/71FmGCjYEkL._AC_SY300_SX300_QL70_FMwebp_.jpg,B0D97BWLZ4.jpg,/content/data/images/B0D97BWLZ4.jpg,242,300,0.8066666666666666,0.029120445251464844
B0B3XKHTR1,https://m.media-amazon.com/images/I/61ZQQP32mGL._AC_SY500_.jpg,B0B3XKHTR1.jpg,/content/data/images/B0B3XKHTR1.jpg,877,500,1.754,0.05721569061279297
B07YSQMBZN,https://m.media-amazon.com/images/I/512k8snYkVL._AC_SY500_.jpg,B07YSQMBZN.jpg,/content/data/images/B07YSQMBZN.jpg,575,500,1.15,0.029036521911621094
B0FD8M1ZVY,https://m.media-amazon.com/images/I/614atkM5SJL._AC_SX466_.jpg,B0FD8M1ZVY.jpg,/content/data/images/B0FD8M1ZVY.jpg,466,351,1.3276353276353277,0.030424118041992188
B001BAKN00,https://m.media-amazon.com/images/I/615Ke3loEiL._AC_SX679_.jpg,B001BAKN00.jpg,/content/data/images/B001BAKN00.jpg,679,345,1.9681159420289855,0.024566650390625
B004SOA3ZG,https://m.media-amazon.com/images/I/41Pjk9Ass2L._AC_SX679_.jpg,B004SOA3ZG.jpg,/content/data/images/B004SOA3ZG.jpg,679,229,2.965065502183406,0.02288532257080078
B003XGG0IE,https://m.media-amazon.com/images/I/51+3CiYfAoL._AC_SX466_.jpg,B003XGG0IE.jpg,/content/data/images/B003XGG0IE.jpg,466,142,3.2816901408450705,0.014208793640136719
B0FLYJM9DC,https://m.media-amazon.com/images/I/51LcGZjQaxL._SX425_.jpg,B0FLYJM9DC.jpg,/content/data/images/B0FLYJM9DC.jpg,425,425,1.0,0.013820648193359375
B0995MYSRN,https://m.media-amazon.com/images/I/71OF2EyJmkL._AC_SY500_.jpg,B0995MYSRN.jpg,/content/data/images/B0995MYSRN.jpg,532,500,1.064,0.07382965087890625
B09GRX7RJ7,https://m.media-amazon.com/images/I/51WtI-25YkL._AC_SX679_.jpg,B09GRX7RJ7.jpg,/content/data/images/B09GRX7RJ7.jpg,679,240,2.8291666666666666,0.02835845947265625
B075B7788K,https://m.media-amazon.com/images/I/51tiJCmmNPL._AC_SY500_.jpg,B075B7788K.jpg,/content/data/images/B075B7788K.jpg,1286,500,2.572,0.05423927307128906
B0F9L7N1FY,https://m.media-amazon.com/images/I/81NxtBgwzFL._AC_SX385_.jpg,B0F9L7N1FY.jpg,/content/data/images/B0F9L7N1FY.jpg,385,555,0.6936936936936937,0.06879425048828125
B0CRTQ3J5D,https://m.media-amazon.com/images/I/713by-uNEiL._AC_SY300_SX300_QL70_FMwebp_.jpg,B0CRTQ3J5D.jpg,/content/data/images/B0CRTQ3J5D.jpg,300,208,1.4423076923076923,0.025218963623046875
B08937RF9V,https://m.media-amazon.com/images/I/51LAD7WBu0L._AC_SX500_.jpg,B08937RF9V.jpg,/content/data/images/B08937RF9V.jpg,500,192,2.6041666666666665,0.013399124145507812
B0FCLXHDWW,https://m.media-amazon.com/images/I/51ZLK4ksHgL._AC_SX466_.jpg,B0FCLXHDWW.jpg,/content/data/images/B0FCLXHDWW.jpg,466,155,3.0064516129032257,0.013296127319335938
B002FU6T8A,https://m.media-amazon.com/images/I/41l+7RVjFjL._AC_SX679_.jpg,B002FU6T8A.jpg,/content/data/images/B002FU6T8A.jpg,679,219,3.1004566210045663,0.02455615997314453
B07J2NRG93,https://m.media-amazon.com/images/I/716KggnQG5L._AC_SY500_.jpg,B07J2NRG93.jpg,/content/data/images/B07J2NRG93.jpg,634,500,1.268,0.08298683166503906
B07N3YKHNB,https://m.media-amazon.com/images/I/61a-ofc+rTS._AC_SX466_.jpg,B07N3YKHNB.jpg,/content/data/images/B07N3YKHNB.jpg,466,303,1.537953795379538,0.021612167358398438
B00A6FGK3A,https://m.media-amazon.com/images/I/41+fH6OBqcL._AC_SX466_.jpg,B00A6FGK3A.jpg,/content/data/images/B00A6FGK3A.jpg,466,184,2.532608695652174,0.016973495483398438
B07C2LZC23,https://m.media-amazon.com/images/I/61vOniYtePL._AC_SX466_.jpg,B07C2LZC23.jpg,/content/data/images/B07C2LZC23.jpg,466,189,2.4656084656084656,0.014569282531738281
B07996YZPD,https://m.media-amazon.com/images/I/51YlJqn9OgL._AC_SX466_.jpg,B07996YZPD.jpg,/content/data/images/B07996YZPD.jpg,466,198,2.3535353535353534,0.014510154724121094
B01LZSLIE2,https://m.media-amazon.com/images/I/510vl5XxrEL._AC_SX679_.jpg,B01LZSLIE2.jpg,/content/data/images/B01LZSLIE2.jpg,679,236,2.8771186440677967,0.0237579345703125
B09XHZ8F7F,https://m.media-amazon.com/images/I/61LnPbT7KML._AC_SY300_SX300_QL70_FMwebp_.jpg,B09XHZ8F7F.jpg,/content/data/images/B09XHZ8F7F.jpg,269,300,0.8966666666666666,0.023693084716796875
B088H1YDS1,https://m.media-amazon.com/images/I/71iFj50N+8L._AC_SY300_SX300_QL70_FMwebp_.jpg,B088H1YDS1.jpg,/content/data/images/B088H1YDS1.jpg,300,291,1.0309278350515463,0.019914627075195312
B07F8S18D5,https://m.media-amazon.com/images/I/61srjyM7TFL._AC_SY300_SX300_QL70_FMwebp_.jpg,B07F8S18D5.jpg,/content/data/images/B07F8S18D5.jpg,298,300,0.9933333333333333,0.019837379455566406
B09MCKK9NX,https://m.media-amazon.com/images/I/61cHbjMo7IL._AC_SY300_SX300_QL70_FMwebp_.jpg,B09MCKK9NX.jpg,/content/data/images/B09MCKK9NX.jpg,238,300,0.7933333333333333,0.015279769897460938
B0744DM3Y3,https://m.media-amazon.com/images/I/616-8VSyqdL._AC_SX425_.jpg,B0744DM3Y3.jpg,/content/data/images/B0744DM3Y3.jpg,425,438,0.9703196347031964,0.028615951538085938
B08B3NHBJ4,https://m.media-amazon.com/images/I/517--AzIfcL._AC_SX300_SY300_QL70_FMwebp_.jpg,B08B3NHBJ4.jpg,/content/data/images/B08B3NHBJ4.jpg,300,280,1.0714285714285714,0.01682758331298828
B07Z82895W,https://m.media-amazon.com/images/I/61KD4hoirXL._AC_SX466_.jpg,B07Z82895W.jpg,/content/data/images/B07Z82895W.jpg,466,565,0.8247787610619469,0.047059059143066406
B0DXFFY4YV,https://m.media-amazon.com/images/I/61JDV+ZBL9L._AC_SY300_SX300_QL70_FMwebp_.jpg,B0DXFFY4YV.jpg,/content/data/images/B0DXFFY4YV.jpg,274,300,0.9133333333333333,0.01746845245361328
B0H1C2ZFBF,https://m.media-amazon.com/images/I/51DM5EO0tzL._AC_SY300_SX300_QL70_FMwebp_.jpg,B0H1C2ZFBF.jpg,/content/data/images/B0H1C2ZFBF.jpg,228,300,0.76,0.012708663940429688
B08DTZM7LM,https://m.media-amazon.com/images/I/61jkL4m628L._AC_SX425_.jpg,B08DTZM7LM.jpg,/content/data/images/B08DTZM7LM.jpg,425,415,1.0240963855421688,0.03553295135498047
B0GGRQKHV1,https://m.media-amazon.com/images/I/811KsvBckvL._AC_SY300_SX300_QL70_FMwebp_.jpg,B0GGRQKHV1.jpg,/content/data/images/B0GGRQKHV1.jpg,300,300,1.0,0.025762557983398438
B0FB349R8G,"https://m.media-amazon.com/images/I/61hqCOrNXNL._AC_SY606_PIbundle-3,TopRight,0,0_SH20_.jpg",B0FB349R8G.jpg,/content/data/images/B0FB349R8G.jpg,408,606,0.6732673267326733,0.04166698455810547
B0BRN58CXR,https://m.media-amazon.com/images/I/618XSrGSpVL._AC_SX425_.jpg,B0BRN58CXR.jpg,/content/data/images/B0BRN58CXR.jpg,425,303,1.4026402640264026,0.02665424346923828
B0FPBZ3BBG,https://m.media-amazon.com/images/I/61hj293scDL._AC_SX425_.jpg,B0FPBZ3BBG.jpg,/content/data/images/B0FPBZ3BBG.jpg,425,425,1.0,0.03357982635498047
B0GFWHXF5R,https://m.media-amazon.com/images/I/61abSfgSA6L._AC_SX425_.jpg,B0GFWHXF5R.jpg,/content/data/images/B0GFWHXF5R.jpg,425,433,0.9815242494226328,0.03859138488769531
B0H2YMY3YC,https://m.media-amazon.com/images/I/61NR4E84GzL._AC_SY300_SX300_QL70_FMwebp_.jpg,B0H2YMY3YC.jpg,/content/data/images/B0H2YMY3YC.jpg,300,260,1.1538461538461537,0.022785186767578125
B09TQY66NH,https://m.media-amazon.com/images/I/51svJuNXDyL._AC_SX425_.jpg,B09TQY66NH.jpg,/content/data/images/B09TQY66NH.jpg,425,731,0.5813953488372093,0.0418853759765625
B0CMM89Y6Z,"https://m.media-amazon.com/images/I/61G1zIdlFwL._AC_SY550_PIbundle-3,TopRight,0,0_SH20_.jpg",B0CMM89Y6Z.jpg,/content/data/images/B0CMM89Y6Z.jpg,356,550,0.6472727272727272,0.039073944091796875
B0DP42G526,https://m.media-amazon.com/images/I/617npV5YBwL._AC_SY550_.jpg,B0DP42G526.jpg,/content/data/images/B0DP42G526.jpg,314,550,0.5709090909090909,0.0392913818359375
B07BK5P5ST,https://m.media-amazon.com/images/I/518AlpsFbEL._AC_SY300_SX300_QL70_FMwebp_.jpg,B07BK5P5ST.jpg,/content/data/images/B07BK5P5ST.jpg,300,264,1.1363636363636365,0.014820098876953125
B07H878J9Z,https://m.media-amazon.com/images/I/71rvgPqT-ZL._AC_SX569_.jpg,B07H878J9Z.jpg,/content/data/images/B07H878J9Z.jpg,569,617,0.9222042139384117,0.04791069030761719
B01DW6ACPG,https://m.media-amazon.com/images/I/61dxvZT4DOL._AC_SY300_SX300_QL70_FMwebp_.jpg,B01DW6ACPG.jpg,/content/data/images/B01DW6ACPG.jpg,116,300,0.38666666666666666,0.011645317077636719
B00009J580,https://m.media-amazon.com/images/I/6106LfreysL._AC_SY550_.jpg,B00009J580.jpg,/content/data/images/B00009J580.jpg,209,550,0.38,0.026361465454101562
B000RVYMWE,https://m.media-amazon.com/images/I/71a-Oild2HL._AC_SY550_.jpg,B000RVYMWE.jpg,/content/data/images/B000RVYMWE.jpg,185,550,0.33636363636363636,0.02579498291015625
B07N25S8KX,https://m.media-amazon.com/images/I/71msIxBbu+S._AC_SY300_SX300_QL70_FMwebp_.jpg,B07N25S8KX.jpg,/content/data/images/B07N25S8KX.jpg,111,300,0.37,0.010936737060546875
B0GFFTFYDB,https://m.media-amazon.com/images/I/61SeC90zmxL._AC_SY879_.jpg,B0GFFTFYDB.jpg,/content/data/images/B0GFFTFYDB.jpg,331,879,0.37656427758816835,0.052453041076660156
B0CSM2MJ55,https://m.media-amazon.com/images/I/7178Km7xWaL._AC_SX522_.jpg,B0CSM2MJ55.jpg,/content/data/images/B0CSM2MJ55.jpg,522,936,0.5576923076923077,0.0737295150756836
B09J4V4XFM,https://m.media-amazon.com/images/I/6135zJK9aJL._AC_SX522_.jpg,B09J4V4XFM.jpg,/content/data/images/B09J4V4XFM.jpg,522,503,1.0377733598409542,0.052639007568359375
B07N8LF967,https://m.media-amazon.com/images/I/71+ihUUIE8L._AC_SX300_SY300_QL70_FMwebp_.jpg,B07N8LF967.jpg,/content/data/images/B07N8LF967.jpg,300,192,1.5625,0.01646709442138672
B0D879MCZP,https://m.media-amazon.com/images/I/71La1wLfUoL._AC_SY300_SX300_QL70_FMwebp_.jpg,B0D879MCZP.jpg,/content/data/images/B0D879MCZP.jpg,252,300,0.84,0.026007652282714844
B094QP8DWG,https://m.media-amazon.com/images/I/713SAansWbL._AC_SY300_SX300_QL70_FMwebp_.jpg,B094QP8DWG.jpg,/content/data/images/B094QP8DWG.jpg,289,300,0.9633333333333334,0.031200408935546875
B0H75WG1L4,https://m.media-amazon.com/images/I/81xlRdsAK0L._AC_SY300_SX300_QL70_FMwebp_.jpg,B0H75WG1L4.jpg,/content/data/images/B0H75WG1L4.jpg,300,300,1.0,0.033133506774902344
B0772WW8SD,https://m.media-amazon.com/images/I/81Z0kjZVTnL._AC_SX522_.jpg,B0772WW8SD.jpg,/content/data/images/B0772WW8SD.jpg,522,563,0.9271758436944938,0.06129264831542969
B0BPH6KQ5X,https://m.media-amazon.com/images/I/71cY1RepbzL._AC_SY300_SX300_QL70_FMwebp_.jpg,B0BPH6KQ5X.jpg,/content/data/images/B0BPH6KQ5X.jpg,286,300,0.9533333333333334,0.03199481964111328
B07RP1PR13,https://m.media-amazon.com/images/I/61kIQAWL6ML._AC_SY300_SX300_QL70_FMwebp_.jpg,B07RP1PR13.jpg,/content/data/images/B07RP1PR13.jpg,279,300,0.93,0.028066635131835938
B089P25CQ1,https://m.media-amazon.com/images/I/81ZPNa5YK5L._AC_SY300_SX300_QL70_FMwebp_.jpg,B089P25CQ1.jpg,/content/data/images/B089P25CQ1.jpg,300,299,1.0033444816053512,0.034995079040527344
B0GJFXF52B,https://m.media-amazon.com/images/I/617qKigUksL._AC_SY879_.jpg,B0GJFXF52B.jpg,/content/data/images/B0GJFXF52B.jpg,331,879,0.37656427758816835,0.047776222229003906
B07TJXQ1TL,https://m.media-amazon.com/images/I/61s3G+62FNL._AC_SX522_.jpg,B07TJXQ1TL.jpg,/content/data/images/B07TJXQ1TL.jpg,522,524,0.9961832061068703,0.029404640197753906
B0GGQNBMT1,https://m.media-amazon.com/images/I/61qmR076meL._AC_SY300_SX300_QL70_FMwebp_.jpg,B0GGQNBMT1.jpg,/content/data/images/B0GGQNBMT1.jpg,246,300,0.82,0.021772384643554688
B0DHZ92Q4D,"https://m.media-amazon.com/images/I/61SCHWL5ImL._AC_SX522_PIbundle-3,TopRight,0,0_SH20_.jpg",B0DHZ92Q4D.jpg,/content/data/images/B0DHZ92Q4D.jpg,522,500,1.044,0.04336833953857422
B08HMV1PY3,https://m.media-amazon.com/images/I/61aw8opAzWL._AC_SX522_.jpg,B08HMV1PY3.jpg,/content/data/images/B08HMV1PY3.jpg,522,597,0.8743718592964824,0.09288215637207031
B0CSCYPL52,https://m.media-amazon.com/images/I/712MbMj692L._AC_SX569_.jpg,B0CSCYPL52.jpg,/content/data/images/B0CSCYPL52.jpg,569,569,1.0,0.049996376037597656
B0GGQMS93M,https://m.media-amazon.com/images/I/61IDPSo+CjL._AC_SY300_SX300_QL70_FMwebp_.jpg,B0GGQMS93M.jpg,/content/data/images/B0GGQMS93M.jpg,247,300,0.8233333333333334,0.021007537841796875
B08W1YKCH5,https://m.media-amazon.com/images/I/61A97fw2atL._AC_SY550_.jpg,B08W1YKCH5.jpg,/content/data/images/B08W1YKCH5.jpg,197,550,0.35818181818181816,0.021452903747558594
B0CN1JGYKQ,https://m.media-amazon.com/images/I/61UIH-+pv1L._AC_SY300_SX300_QL70_FMwebp_.jpg,B0CN1JGYKQ.jpg,/content/data/images/B0CN1JGYKQ.jpg,256,300,0.8533333333333334,0.029024124145507812
B07J55FMVP,https://m.media-amazon.com/images/I/51-SbiEsM9L._AC_SX522_.jpg,B07J55FMVP.jpg,/content/data/images/B07J55FMVP.jpg,501,1320,0.3795454545454545,0.06459712982177734
B08T6X2974,https://m.media-amazon.com/images/I/617h3AY070L._AC_SX522_.jpg,B08T6X2974.jpg,/content/data/images/B08T6X2974.jpg,522,890,0.5865168539325842,0.08466625213623047
B0GCGT6NYM,https://m.media-amazon.com/images/I/61ClR1Z+I6L._AC_SY300_SX300_QL70_FMwebp_.jpg,B0GCGT6NYM.jpg,/content/data/images/B0GCGT6NYM.jpg,300,299,1.0033444816053512,0.027817726135253906
B01MYTZRJM,https://m.media-amazon.com/images/I/61ZzkXikVIL._AC_SX425_.jpg,B01MYTZRJM.jpg,/content/data/images/B01MYTZRJM.jpg,425,440,0.9659090909090909,0.05428600311279297
B07KF8L7Z5,https://m.media-amazon.com/images/I/61utOMC01TL._AC_SX522_.jpg,B07KF8L7Z5.jpg,/content/data/images/B07KF8L7Z5.jpg,522,790,0.660759493670886,0.06009864807128906
B0H12BW67D,https://m.media-amazon.com/images/I/811PVdIyMFL._AC_SY300_SX300_QL70_FMwebp_.jpg,B0H12BW67D.jpg,/content/data/images/B0H12BW67D.jpg,285,300,0.95,0.03196907043457031
B0FX98ZWZZ,https://m.media-amazon.com/images/I/713HUABu94L._AC_SY300_SX300_QL70_FMwebp_.jpg,B0FX98ZWZZ.jpg,/content/data/images/B0FX98ZWZZ.jpg,273,300,0.91,0.023969650268554688
B089P1LLFS,https://m.media-amazon.com/images/I/81Hv2k3SeeL._AC_SY300_SX300_QL70_FMwebp_.jpg,B089P1LLFS.jpg,/content/data/images/B089P1LLFS.jpg,300,300,1.0,0.036457061767578125
B084BZH9PG,https://m.media-amazon.com/images/I/71X2wESd8HL._AC_SY300_SX300_QL70_FMwebp_.jpg,B084BZH9PG.jpg,/content/data/images/B084BZH9PG.jpg,114,300,0.38,0.0127105712890625
B07F39CHRZ,https://m.media-amazon.com/images/I/61D6o8fourL._AC_SY300_SX300_QL70_FMwebp_.jpg,B07F39CHRZ.jpg,/content/data/images/B07F39CHRZ.jpg,119,300,0.39666666666666667,0.009673118591308594
B009NNZOEW,https://m.media-amazon.com/images/I/919qlWcZX8L._AC_SX425_.jpg,B009NNZOEW.jpg,/content/data/images/B009NNZOEW.jpg,425,295,1.4406779661016949,0.055741310119628906
B0FX9FVSXQ,https://m.media-amazon.com/images/I/61xxuYlUjeL._AC_SX522_.jpg,B0FX9FVSXQ.jpg,/content/data/images/B0FX9FVSXQ.jpg,522,594,0.8787878787878788,0.04339599609375
B0849ZFBGS,https://m.media-amazon.com/images/I/71xTbrB1b0L._AC_SY300_SX300_QL70_FMwebp_.jpg,B0849ZFBGS.jpg,/content/data/images/B0849ZFBGS.jpg,114,300,0.38,0.009794235229492188
B07JR7Y8YD,https://m.media-amazon.com/images/I/7179LXIX5mL._AC_SX522_.jpg,B07JR7Y8YD.jpg,/content/data/images/B07JR7Y8YD.jpg,522,703,0.7425320056899004,0.06126117706298828
B07K7J4CMY,https://m.media-amazon.com/images/I/71nsQw+2M-L._AC_SY300_SX300_QL70_FMwebp_.jpg,B07K7J4CMY.jpg,/content/data/images/B07K7J4CMY.jpg,179,300,0.5966666666666667,0.01744365692138672
B079FRVSPH,https://m.media-amazon.com/images/I/61qrv+B2qSL._AC_SY300_SX300_QL70_FMwebp_.jpg,B079FRVSPH.jpg,/content/data/images/B079FRVSPH.jpg,261,300,0.87,0.020399093627929688
B0H28ZM4NL,https://m.media-amazon.com/images/I/61K9obh+UQL._AC_SX522_.jpg,B0H28ZM4NL.jpg,/content/data/images/B0H28ZM4NL.jpg,522,502,1.0398406374501992,0.05556678771972656
B0FTNNTTJX,https://m.media-amazon.com/images/I/614xz3+vNiL._AC_SX522_.jpg,B0FTNNTTJX.jpg,/content/data/images/B0FTNNTTJX.jpg,522,652,0.8006134969325154,0.05601787567138672
B0002F58TG,https://m.media-amazon.com/images/I/61Vwv7OLqoL._AC_SY550_.jpg,B0002F58TG.jpg,/content/data/images/B0002F58TG.jpg,212,550,0.38545454545454544,0.023393630981445312
B0FX994CQV,https://m.media-amazon.com/images/I/71sn-GJOS2L._AC_SY300_SX300_QL70_FMwebp_.jpg,B0FX994CQV.jpg,/content/data/images/B0FX994CQV.jpg,273,300,0.91,0.02456188201904297
B0D2PNMDJZ,https://m.media-amazon.com/images/I/61l3kvv6JvL._AC_SX522_.jpg,B0D2PNMDJZ.jpg,/content/data/images/B0D2PNMDJZ.jpg,522,522,1.0,0.06410408020019531
B0DZ26C4PN,https://m.media-amazon.com/images/I/616P9pRFXvL._AC_SY300_SX300_QL70_FMwebp_.jpg,B0DZ26C4PN.jpg,/content/data/images/B0DZ26C4PN.jpg,300,283,1.0600706713780919,0.030323028564453125
B0DJPYN19Z,https://m.media-amazon.com/images/I/81BVAXztA7L._AC_SX522_.jpg,B0DJPYN19Z.jpg,/content/data/images/B0DJPYN19Z.jpg,522,563,0.9271758436944938,0.07785224914550781
B07NY83N81,https://m.media-amazon.com/images/I/41ohwWKHUCL._AC_SX522_.jpg,B07NY83N81.jpg,/content/data/images/B07NY83N81.jpg,346,891,0.388327721661055,0.04076576232910156
B09XVLKGFT,https://m.media-amazon.com/images/I/81TTse6lcnL._AC_SX300_SY300_QL70_FMwebp_.jpg,B09XVLKGFT.jpg,/content/data/images/B09XVLKGFT.jpg,300,171,1.7543859649122806,0.0256805419921875
B07XJLD2BL,https://m.media-amazon.com/images/I/81X6saH5cML._AC_SX425_.jpg,B07XJLD2BL.jpg,/content/data/images/B07XJLD2BL.jpg,425,244,1.7418032786885247,0.05000877380371094
B0H4HQ9XFN,https://m.media-amazon.com/images/I/811PVdIyMFL._AC_SX522_.jpg,B0H4HQ9XFN.jpg,/content/data/images/B0H4HQ9XFN.jpg,522,550,0.9490909090909091,0.07013130187988281
B09XVKZD34,https://m.media-amazon.com/images/I/81VXiCDPydL._AC_SX425_.jpg,B09XVKZD34.jpg,/content/data/images/B09XVKZD34.jpg,425,243,1.7489711934156378,0.03378009796142578
B0F9P519ZM,https://m.media-amazon.com/images/I/619EDWh4vOL._AC_SY300_SX300_QL70_FMwebp_.jpg,B0F9P519ZM.jpg,/content/data/images/B0F9P519ZM.jpg,300,282,1.0638297872340425,0.029458999633789062
B0991MYYH3,https://m.media-amazon.com/images/I/51G25Em872L._AC_SY300_SX300_QL70_FMwebp_.jpg,B0991MYYH3.jpg,/content/data/images/B0991MYYH3.jpg,186,300,0.62,0.010830879211425781
B0B7NGBTKH,https://m.media-amazon.com/images/I/81nho4Zvg0L._AC_SY300_SX300_QL70_FMwebp_.jpg,B0B7NGBTKH.jpg,/content/data/images/B0B7NGBTKH.jpg,294,300,0.98,0.031111717224121094
B001U0OWTO,https://m.media-amazon.com/images/I/71VvXiIDQwL._AC_SY879_.jpg,B001U0OWTO.jpg,/content/data/images/B001U0OWTO.jpg,329,879,0.3742889647326507,0.05280303955078125
B0CW6KY2ZK,https://m.media-amazon.com/images/I/814T3zY-KaL._AC_SY300_SX300_QL70_FMwebp_.jpg,B0CW6KY2ZK.jpg,/content/data/images/B0CW6KY2ZK.jpg,283,300,0.9433333333333334,0.032817840576171875
B003GMP03Q,https://m.media-amazon.com/images/I/81i6ZXqp-vL._AC_SX522_.jpg,B003GMP03Q.jpg,/content/data/images/B003GMP03Q.jpg,522,604,0.8642384105960265,0.06825542449951172
